participant_ID,treatment,part,trial_no,rounds,red_prior_prob,true_guilty_suspect,suspect_accused,choice_1,choice_2,choice_3,choice_4,choice_5,choice_6,choice_7,choice_8,choice_9,outcome_1,outcome_2,outcome_3,outcome_4,outcome_5,outcome_6,outcome_7,outcome_8,outcome_9,timing_choice_1,timing_choice_2,timing_choice_3,timing_choice_4,timing_choice_5,timing_choice_6,timing_choice_7,timing_choice_8,timing_choice_9,timing_choice_10,timing_choice_11,correct_suspect_accused,evidence_round
1,1,1,1,7.0,0.3,1,1,1.0,1.0,0.0,0.0,1.0,1.0,1.0,,4.0,0.0,0.0,0.0,0.0,0.0,1.0,0.0,,,6982.583333333359,8715.9586333334,11582.72963333332,12117.71743333324,12634.38613333322,13151.0466333332,13967.7856333332,15467.767933333162,18059.49173333324,,,1,6
1,1,1,2,1.0,0.5,0,0,0.0,,,,,,,,,0.0,,,,,,,,,3683.28879999995,5385.007499999874,7544.994800000009,,,,,,,,,1,0
1,1,1,3,9.0,0.1,1,1,1.0,1.0,1.0,1.0,1.0,1.0,1.0,1.0,1.0,0.0,0.0,0.0,1.0,0.0,0.0,0.0,0.0,0.0,2866.677000000077,3566.676300000067,4066.7692000000734,4733.450400000103,5266.8784000000605,5783.5118000000475,6833.456399999899,7500.09329999992,8349.924999999941,9166.666399999916,10576.69289999977,1,4
1,1,1,4,1.0,0.3,1,1,1.0,,,,,,,,,0.0,,,,,,,,,1401.680700000119,3651.772600000218,5346.67580000029,,,,,,,,,1,0
1,1,1,5,5.0,0.7,0,1,0.0,0.0,0.0,0.0,0.0,,,,,0.0,0.0,0.0,0.0,0.0,,,,,2450.0634000000664,3450.0815000001703,4183.449600000098,4950.066700000044,5766.807300000063,6700.1987000000045,8260.22119999999,,,,,0,0
1,1,1,6,9.0,0.3,1,1,1.0,1.0,1.0,0.0,0.0,0.0,0.0,0.0,0.0,0.0,0.0,1.0,0.0,0.0,0.0,0.0,0.0,0.0,1183.226499999932,2533.2131999997478,3199.875199999765,3966.448999999749,4583.171599999794,5166.5174999997635,5733.153799999735,6266.518899999714,6866.573499999751,7499.926299999767,8943.30959999971,1,3
1,1,1,7,7.0,0.7,0,0,0.0,0.0,0.0,0.0,0.0,0.0,0.0,,4.0,0.0,0.0,0.0,0.0,0.0,0.0,1.0,,,1150.0445999999824,1933.351400000107,2683.3472000000993,3433.294700000061,4183.295200000137,5066.6062000001975,5716.5404000001745,6733.313200000222,8294.923500000179,,,1,7
1,1,1,8,5.0,0.1,1,1,0.0,0.0,0.0,0.0,0.0,,,,,0.0,0.0,0.0,0.0,0.0,,,,,3366.6418999999933,4083.292599999965,4816.630299999904,5483.256399999873,6283.330899999847,7249.991299999874,8461.671399999868,,,,,1,0
1,1,1,9,1.0,0.1,1,1,0.0,,,,,,,,,0.0,,,,,,,,,1549.9772000002142,2549.992100000207,3743.3693000002413,,,,,,,,,1,0
1,1,1,10,3.0,0.7,1,0,1.0,1.0,1.0,,,,,,,0.0,0.0,0.0,,,,,,,1800.0224000000628,2600.0300000001557,3433.345500000189,4216.652900000174,5459.923700000146,,,,,,,0,0
1,1,1,11,9.0,0.9,0,0,1.0,1.0,1.0,1.0,1.0,1.0,1.0,1.0,1.0,0.0,0.0,0.0,0.0,0.0,0.0,0.0,0.0,0.0,1483.3858000000234,2116.722599999955,2766.670199999941,3466.7029999998686,4133.385699999886,4833.343399999818,5500.06369999985,6166.738699999823,6850.084999999775,7516.743499999788,8578.35249999979,1,0
1,1,1,12,9.0,0.7,1,1,1.0,1.0,1.0,0.0,0.0,0.0,0.0,0.0,0.0,0.0,0.0,0.0,0.0,0.0,0.0,0.0,0.0,0.0,1201.7411000000254,1801.7490999999984,2401.779299999979,4101.804099999892,4603.468499999952,5153.497899999994,5803.411700000033,6436.767000000003,7070.153899999991,7703.529699999999,8813.568600000026,1,0
1,1,1,13,5.0,0.3,1,1,0.0,0.0,0.0,0.0,0.0,,,,,0.0,0.0,0.0,0.0,0.0,,,,,1016.6687999999907,1683.310199999973,2333.2870999999986,2966.5938000000365,3633.296100000041,4666.573699999991,5693.243700000054,,,,,1,0
1,1,1,14,1.0,0.9,0,0,1.0,,,,,,,,,0.0,,,,,,,,,1083.4340000000432,2083.4748000000313,3628.4491000000203,,,,,,,,,1,0
1,1,1,15,9.0,0.5,1,1,0.0,0.0,0.0,0.0,0.0,0.0,0.0,0.0,0.0,0.0,0.0,0.0,0.0,0.0,0.0,0.0,0.0,0.0,1200.0442000000212,1933.4892999999972,2633.522099999937,3316.878699999994,3983.532000000022,4666.88600000006,5350.189599999992,6016.898599999941,6700.250799999907,7433.578599999892,8545.145899999896,1,0
1,1,1,16,3.0,0.9,0,0,1.0,1.0,1.0,,,,,,,0.0,0.0,0.0,,,,,,,1416.5761000000118,2099.91150000001,2849.8738999999755,4116.53979999984,5191.5092999999015,,,,,,,1,0
1,1,1,17,3.0,0.5,1,0,1.0,1.0,1.0,,,,,,,0.0,0.0,0.0,,,,,,,1583.3324000000257,2300.0235000000157,3099.980800000054,3850.018000000168,4916.675700000068,,,,,,,0,0
1,1,1,18,1.0,0.7,1,0,1.0,,,,,,,,,0.0,,,,,,,,,1416.5771999999995,2383.223800000037,3509.9580999999353,,,,,,,,,0,0
1,1,1,19,5.0,0.9,0,0,1.0,1.0,1.0,1.0,1.0,,,,,0.0,0.0,0.0,0.0,0.0,,,,,1116.6636999999291,1766.6740999998874,2466.685699999808,3183.3562999995534,4183.373599999477,5066.778699999476,6226.670299999368,,,,,1,0
1,1,1,20,5.0,0.5,1,1,0.0,0.0,0.0,0.0,0.0,,,,,0.0,0.0,0.0,0.0,0.0,,,,,1233.3827999999976,1899.970200000156,2600.0147000000807,3233.339800000168,3883.3329000003523,5033.222700000191,6111.570900000113,,,,,1,0
1,1,1,21,3.0,0.3,0,0,0.0,0.0,0.0,,,,,,,0.0,0.0,0.0,,,,,,,1283.3352000003213,1950.025700000277,2683.3372000001377,3834.970099999931,4861.636499999987,,,,,,,1,0
1,1,1,22,3.0,0.1,1,1,1.0,0.0,0.0,,,,,,,0.0,0.0,0.0,,,,,,,1500.0415000000035,2666.802499999944,3200.1204999999372,3983.355499999713,5009.971099999511,,,,,,,1,0
1,1,1,23,7.0,0.5,1,1,1.0,0.0,1.0,0.0,1.0,0.0,1.0,,4.0,0.0,0.0,0.0,0.0,1.0,0.0,1.0,,,916.630899999896,2156.6505999998885,2768.348399999773,3318.367599999578,3885.0700999996166,4485.030099999626,5018.332299999625,5884.9819999996935,7096.768199999549,,,1,5
1,1,1,24,7.0,0.9,0,0,0.0,0.0,0.0,0.0,0.0,0.0,0.0,,4.0,0.0,0.0,0.0,0.0,0.0,0.0,0.0,,,2233.380400000081,2816.679900000234,3433.3589000002144,4033.346100000188,4616.7011000001785,5283.3591000002225,5933.3236000002735,6533.3390000003965,7691.656000000332,,,1,0
1,1,1,25,7.0,0.1,1,1,0.0,0.0,0.0,0.0,0.0,0.0,0.0,,4.0,0.0,0.0,0.0,0.0,0.0,0.0,0.0,,,1566.673700000137,2366.607300000127,2999.933800000139,3616.6046000001593,4199.954600000171,4816.597000000266,5456.558900000329,7251.599700000234,8361.510600000285,,,1,0
2,1,1,1,1.0,0.1,1,1,1.0,,,,,,,,,0.0,,,,,,,,,14864.599300000078,27760.819499999765,34202.25309999996,,,,,,,,,1,0
2,1,1,2,3.0,0.3,1,1,0.0,0.0,0.0,,,,,,,0.0,0.0,0.0,,,,,,,24948.616200000084,28168.634000000082,29669.918700000137,31905.437600000107,33658.95580000012,,,,,,,1,0
2,1,1,3,1.0,0.9,0,0,0.0,,,,,,,,,0.0,,,,,,,,,4362.41179999992,6080.714299999866,7717.159199999794,,,,,,,,,1,0
2,1,1,4,5.0,0.5,1,0,1.0,1.0,1.0,0.0,1.0,,,,,0.0,0.0,0.0,0.0,0.0,,,,,2757.9737999998547,4793.146099999965,5910.868199999967,7912.968899999732,14953.0028999994,19624.34969999925,22045.168499999458,,,,,0,0
2,1,1,5,1.0,0.7,0,0,0.0,,,,,,,,,0.0,,,,,,,,,3941.913900000648,5126.180400000699,6579.402000000828,,,,,,,,,1,0
2,1,1,6,3.0,0.5,1,1,0.0,0.0,0.0,,,,,,,0.0,0.0,0.0,,,,,,,3193.195399999829,3993.9644999999437,5078.441300000203,7030.485900000107,8950.883299999965,,,,,,,1,0
2,1,1,7,7.0,0.3,1,1,1.0,1.0,1.0,1.0,1.0,1.0,1.0,,4.0,0.0,0.0,1.0,0.0,1.0,0.0,0.0,,,2686.153700000074,7541.071900000436,8225.021800000373,10060.29830000024,12095.983000000431,12613.200600000579,13113.675500000547,14214.611400000498,16118.086800000232,,,1,3
2,1,1,8,5.0,0.3,0,0,1.0,1.0,1.0,1.0,1.0,,,,,0.0,0.0,0.0,0.0,0.0,,,,,3693.6474000001813,4194.204700000202,4694.633900000377,5195.086400000337,5695.580700000429,8999.175800000568,10468.836900000524,,,,,1,0
2,1,1,9,9.0,0.9,0,0,0.0,0.0,0.0,0.0,0.0,0.0,0.0,0.0,0.0,0.0,0.0,0.0,0.0,0.0,1.0,1.0,0.0,1.0,2926.199199999588,3426.7144999996053,3927.112999999547,4427.693799999694,5045.093599999765,5612.358199999746,6112.905499999674,6746.859499999632,7297.4741999995995,8431.854599999659,9668.109899999525,1,6
2,1,1,10,9.0,0.5,0,0,1.0,1.0,1.0,1.0,1.0,1.0,1.0,1.0,1.0,0.0,0.0,0.0,0.0,0.0,0.0,0.0,0.0,0.0,3760.549699999892,4327.805299999939,4844.956300000009,5478.811500000057,5979.425600000074,6479.979399999965,7063.785999999939,7664.349899999934,8982.29449999994,10400.310299999932,11503.047899999785,1,0
2,1,1,11,3.0,0.1,1,1,1.0,1.0,1.0,,,,,,,0.0,0.0,0.0,,,,,,,2390.629099999857,3024.5254999998247,4192.233799999636,5426.7639999998855,7063.292799999879,,,,,,,1,0
2,1,1,12,9.0,0.3,1,1,1.0,1.0,1.0,1.0,1.0,1.0,1.0,1.0,1.0,0.0,0.0,0.0,1.0,1.0,1.0,1.0,0.0,0.0,2575.9503999999843,3126.5302000000374,3693.8162000000816,4194.21960000007,4694.784100000063,5195.3791000001265,5695.970100000177,6196.364500000233,6696.909100000159,7848.14370000015,8850.684500000021,1,4
2,1,1,13,7.0,0.9,0,0,0.0,0.0,0.0,0.0,0.0,0.0,0.0,,4.0,0.0,0.0,0.0,0.0,1.0,0.0,0.0,,,2725.693399999896,4594.169199999954,5294.816499999827,5862.036299999929,6362.547799999917,7497.000099999908,8030.886300000025,9415.676000000152,10668.437900000348,,,1,5
2,1,1,14,7.0,0.5,1,1,0.0,0.0,0.0,0.0,0.0,0.0,0.0,,4.0,0.0,0.0,0.0,0.0,0.0,0.0,0.0,,,2726.035800000163,3276.6608000001397,3943.8891000001922,4511.123100000238,5061.700200000233,5745.788400000034,6246.316400000107,7831.123500000121,8984.008000000138,,,1,0
2,1,1,15,5.0,0.1,1,0,1.0,1.0,1.0,1.0,1.0,,,,,0.0,0.0,0.0,0.0,0.0,,,,,2342.4202000000164,2909.653900000092,3410.2322000001195,3977.525500000185,4628.29780000015,8315.116700000106,9934.9287000002,,,,,0,0
2,1,1,16,9.0,0.7,0,0,0.0,0.0,0.0,0.0,0.0,0.0,0.0,0.0,0.0,0.0,0.0,0.0,0.0,0.0,0.0,0.0,1.0,0.0,5412.563500000176,5929.686600000018,6430.244099999921,7014.095499999731,7514.638499999726,8098.371499999755,8798.99819999973,9299.553499999753,10550.972899999648,11852.157799999355,12971.736199999485,1,8
2,1,1,17,3.0,0.7,1,1,0.0,0.0,0.0,,,,,,,0.0,0.0,0.0,,,,,,,2340.590800000284,3208.0675000004,4025.6790000004466,5677.338200000289,6779.988300000457,,,,,,,1,0
2,1,1,18,7.0,0.1,1,1,1.0,1.0,1.0,1.0,1.0,1.0,1.0,,4.0,0.0,0.0,1.0,0.0,1.0,0.0,0.0,,,7697.608800000453,8198.102500000316,8698.675800000374,9282.684200000285,9866.523100000131,10367.057200000068,10867.50740000006,12135.438699999948,13455.001200000004,,,1,3
2,1,1,19,1.0,0.5,1,1,0.0,,,,,,,,,0.0,,,,,,,,,3009.762700000001,4611.288700000037,5697.453599999897,,,,,,,,,1,0
2,1,1,20,1.0,0.3,1,1,1.0,,,,,,,,,0.0,,,,,,,,,2592.602500000084,4310.867300000078,5697.210300000035,,,,,,,,,1,0
2,1,1,21,7.0,0.7,0,1,0.0,0.0,0.0,0.0,0.0,0.0,0.0,,4.0,0.0,0.0,0.0,0.0,0.0,0.0,0.0,,,3110.059600000107,3627.1903000000752,4177.749699999905,4761.607599999945,6212.904299999897,6713.397699999849,7213.71099999977,8965.423399999703,10316.789999999452,,,0,0
2,1,1,22,5.0,0.9,0,0,0.0,0.0,0.0,0.0,0.0,,,,,0.0,0.0,0.0,0.0,0.0,,,,,3443.1866000000264,3977.0399000000207,4611.136899999962,5111.598000000015,5862.318100000119,6846.672399999988,7966.195199999836,,,,,1,0
2,1,1,23,5.0,0.7,0,0,0.0,0.0,0.0,0.0,0.0,,,,,0.0,0.0,0.0,1.0,0.0,,,,,2142.09970000008,2659.29530000007,3159.748900000159,3776.977900000141,4277.415299999938,5295.0552000000625,6397.825199999954,,,,,1,4
2,1,1,24,3.0,0.9,1,1,0.0,0.0,0.0,,,,,,,0.0,0.0,0.0,,,,,,,1773.3336000000704,2273.862400000193,4743.153200000535,9030.354100001015,10033.088200001172,,,,,,,1,0
2,1,1,25,9.0,0.1,1,1,1.0,1.0,1.0,1.0,1.0,1.0,1.0,1.0,1.0,0.0,0.0,0.0,1.0,0.0,1.0,1.0,0.0,0.0,4761.142299999625,5311.753599999614,5812.221999999546,6412.875499999477,6930.027999999573,7480.502899999557,8031.010099999653,8581.500799999614,9832.8549999994,11084.168299999385,12170.167799999454,1,4
3,1,1,1,3.0,0.9,0,0,0.0,0.0,0.0,,,,,,,0.0,0.0,0.0,,,,,,,4844.986999999931,6801.470699999961,8992.389999999994,10497.6204,12595.235500000026,,,,,,,1,0
3,1,1,2,9.0,0.7,0,0,0.0,0.0,0.0,0.0,0.0,0.0,0.0,1.0,1.0,0.0,0.0,0.0,0.0,0.0,0.0,0.0,0.0,0.0,2692.631999999985,3227.7736000000004,3729.5423999999953,4465.551000000002,5100.924400000004,5753.404499999999,6255.156599999987,7559.0688999999475,8093.831499999937,14701.979499999868,16109.636199999846,1,0
3,1,1,3,5.0,0.5,0,0,1.0,1.0,1.0,1.0,1.0,,,,,0.0,0.0,0.0,0.0,0.0,,,,,2319.5829000000367,2821.187400000033,3389.609600000028,3890.978800000028,4392.60150000005,7185.4466000000475,8544.238100000044,,,,,1,0
3,1,1,4,5.0,0.9,0,0,0.0,0.0,0.0,0.0,0.0,,,,,0.0,0.0,0.0,0.0,0.0,,,,,2050.091099999999,2551.771399999984,3137.1513999999793,3638.8114999999766,4491.498599999986,5797.463799999954,7157.273500000013,,,,,1,0
3,1,1,5,1.0,0.3,1,1,1.0,,,,,,,,,0.0,,,,,,,,,1767.336100000036,3590.0185000000374,5066.602900000027,,,,,,,,,1,0
3,1,1,6,9.0,0.3,1,1,1.0,1.0,1.0,1.0,1.0,1.0,1.0,1.0,1.0,0.0,0.0,0.0,0.0,1.0,0.0,0.0,1.0,0.0,2673.0602999999664,3291.8413999999793,3795.295399999981,5350.938100000012,5919.398399999994,6454.48579999998,7424.3594000000085,7925.980500000009,8595.30630000002,10015.862100000031,11492.308300000037,1,5
3,1,1,7,5.0,0.7,0,0,0.0,0.0,0.0,0.0,0.0,,,,,0.0,0.0,0.0,0.0,0.0,,,,,2050.267599999938,2552.0102999999,3120.601399999925,3622.249599999913,4123.778299999895,6297.960699999927,7573.947199999976,,,,,1,0
3,1,1,8,3.0,0.7,0,0,0.0,0.0,0.0,,,,,,,0.0,0.0,0.0,,,,,,,1984.7941000000028,2486.285200000011,3171.789800000028,4994.422700000097,6270.308200000159,,,,,,,1,0
3,1,1,9,3.0,0.3,0,1,1.0,1.0,1.0,,,,,,,0.0,0.0,0.0,,,,,,,1416.0471000000573,2302.3030000000213,2804.0651000000066,4259.232000000022,5533.632600000004,,,,,,,0,0
3,1,1,10,7.0,0.7,1,1,0.0,0.0,0.0,0.0,0.0,0.0,0.0,,4.0,0.0,0.0,0.0,0.0,0.0,0.0,0.0,,,1851.5002000000088,2353.028500000005,2854.8271000000004,3356.506099999988,3858.197200000015,4359.951400000047,4861.5529000000015,8072.025599999971,9414.893900000025,,,1,0
3,1,1,11,7.0,0.5,1,1,1.0,1.0,0.0,0.0,0.0,1.0,0.0,,4.0,0.0,0.0,0.0,0.0,0.0,0.0,0.0,,,1834.4352999999912,2620.50839999998,3690.686999999974,4276.182299999973,4777.996499999994,5982.007500000012,6667.4460000000245,10514.990400000012,13529.945500000022,,,1,0
3,1,1,12,9.0,0.9,0,0,0.0,0.0,0.0,0.0,0.0,0.0,0.0,0.0,0.0,0.0,0.0,0.0,0.0,1.0,0.0,0.0,1.0,0.0,2265.952500000034,2834.478200000052,3386.33830000008,3888.273300000097,5342.784600000157,6278.998700000171,6814.006000000173,7516.455000000168,8018.192700000163,9456.176000000192,10814.312100000185,1,5
3,1,1,13,7.0,0.9,0,0,0.0,0.0,0.0,0.0,0.0,0.0,0.0,,4.0,0.0,0.0,0.0,0.0,0.0,0.0,0.0,,,2250.1472999999937,2885.4758000000243,3387.2681000000543,3888.8676000000505,4390.367200000071,5059.393200000075,6246.8351000000475,7183.154200000046,20180.141700000288,,,1,0
3,1,1,14,1.0,0.9,0,0,0.0,,,,,,,,,0.0,,,,,,,,,2150.6464000000287,4124.516199999939,5415.815899999985,,,,,,,,,1,0
3,1,1,15,5.0,0.3,1,1,1.0,1.0,1.0,1.0,1.0,,,,,0.0,0.0,0.0,0.0,1.0,,,,,1767.6296000000464,2386.3310000000474,2887.759000000059,3389.367700000056,4041.3193000001006,5145.109900000113,6352.587900000147,,,,,1,5
3,1,1,16,9.0,0.1,1,1,1.0,1.0,1.0,1.0,1.0,1.0,1.0,1.0,1.0,0.0,0.0,0.0,0.0,0.0,0.0,0.0,0.0,1.0,1784.9241000000006,2437.1346000000226,3005.7195000000147,3591.062499999989,4092.547199999984,4677.793899999985,5179.311799999993,6166.0138999999535,6667.672999999938,7838.170799999989,9045.40819999999,1,9
3,1,1,17,9.0,0.5,0,0,1.0,1.0,1.0,1.0,1.0,1.0,1.0,1.0,1.0,0.0,0.0,0.0,0.0,0.0,0.0,0.0,0.0,0.0,1566.8467000000442,2068.5086000000533,2720.684600000069,3222.475300000071,3724.163500000117,4376.567100000154,4894.977500000118,5396.495100000117,6266.321600000149,7520.528600000123,8674.385900000136,1,0
3,1,1,18,1.0,0.7,0,0,0.0,,,,,,,,,0.0,,,,,,,,,1631.6848999999902,2869.117299999949,4261.980500000042,,,,,,,,,1,0
3,1,1,19,3.0,0.1,1,1,1.0,1.0,1.0,,,,,,,0.0,0.0,0.0,,,,,,,1382.8428000000185,1884.484999999997,2469.8574000000103,3556.752199999997,5031.861400000088,,,,,,,1,0
3,1,1,20,1.0,0.1,1,1,1.0,,,,,,,,,0.0,,,,,,,,,1263.788499999966,3003.081500000005,4193.866000000036,,,,,,,,,1,0
3,1,1,21,1.0,0.5,1,0,1.0,,,,,,,,,0.0,,,,,,,,,1719.2079999999905,3926.7673000000564,5050.57290000002,,,,,,,,,0,0
3,1,1,22,7.0,0.3,1,1,1.0,1.0,1.0,1.0,1.0,1.0,1.0,,4.0,0.0,0.0,0.0,0.0,1.0,0.0,0.0,,,897.0293000000119,2050.939600000019,2602.6444999999662,3591.0619999999763,4092.86839999993,4611.415599999973,5296.904299999937,6149.53479999987,7239.703499999859,,,1,5
3,1,1,23,7.0,0.1,1,1,1.0,1.0,1.0,1.0,1.0,1.0,1.0,,4.0,0.0,0.0,0.0,0.0,0.0,0.0,1.0,,,1347.9212999999702,1849.5773999998762,2367.9412999998144,2919.495099999785,3454.558499999706,4574.753799999747,5661.750399999825,6464.418499999861,7537.580599999883,,,1,7
3,1,1,24,3.0,0.5,0,0,1.0,1.0,1.0,,,,,,,0.0,0.0,0.0,,,,,,,1200.5186000000865,1819.3075000000656,2371.1676000000325,4394.735400000056,5485.209500000118,,,,,,,1,0
3,1,1,25,5.0,0.1,1,1,1.0,1.0,1.0,1.0,1.0,,,,,0.0,0.0,0.0,0.0,0.0,,,,,1146.904799999966,1865.97020000004,2618.4798000000296,3254.078500000155,4140.263300000095,6648.797500000049,7722.73810000006,,,,,1,0
4,0,1,1,1.0,0.7,0,0,1.0,,,,,,,,,0.0,,,,,,,,,5037.32069999995,14804.726099999949,16508.09349999973,,,,,,,,,1,0
4,0,1,2,7.0,0.5,1,1,0.0,0.0,0.0,1.0,1.0,1.0,1.0,,4.0,0.0,0.0,0.0,0.0,0.0,0.0,0.0,,,4061.747900000214,5195.103900000304,6629.000500000415,7947.360200000446,10947.420200000555,12580.786200000686,14664.161200000857,16614.74140000064,17853.0995000006,,,1,0
4,0,1,3,1.0,0.5,0,0,0.0,,,,,,,,,0.0,,,,,,,,,4495.089899999859,6461.795899999694,7950.158999999744,,,,,,,,,1,0
4,0,1,4,3.0,0.1,1,1,0.0,0.0,0.0,,,,,,,0.0,0.0,0.0,,,,,,,4913.925499999972,5513.937499999921,6130.616499999869,8013.987499999755,9467.34989999986,,,,,,,1,0
4,0,1,5,9.0,0.1,1,1,0.0,0.0,1.0,1.0,1.0,1.0,1.0,1.0,1.0,0.0,0.0,0.0,0.0,0.0,0.0,0.0,0.0,0.0,2547.317100000096,3047.327100000134,5832.382800000236,6332.392800000273,7282.411800000349,7899.090800000399,8449.10180000044,8949.111800000483,9449.12180000052,10415.807800000395,11703.041400000242,1,0
4,0,1,6,5.0,0.3,1,1,0.0,0.0,0.0,0.0,0.0,,,,,0.0,0.0,0.0,0.0,1.0,,,,,3595.071900000048,4628.425900000128,5328.439900000184,6361.793900000266,7245.144900000337,8711.840900000256,10050.742200000232,,,,,1,5
4,0,1,7,7.0,0.7,0,0,1.0,1.0,1.0,1.0,1.0,1.0,1.0,,4.0,0.0,0.0,0.0,1.0,0.0,0.0,1.0,,,2963.3926000002252,3980.0796000003065,4796.762600000372,5363.440600000418,6030.12060000047,6630.132600000517,7346.813600000576,10030.728600000632,11334.088000000726,,,1,4
4,0,1,8,9.0,0.5,0,0,0.0,0.0,0.0,0.0,1.0,0.0,0.0,0.0,0.0,0.0,0.0,0.0,0.0,0.0,0.0,0.0,0.0,0.0,2528.383900000143,3311.7329000000777,3928.4119000000237,4495.089899999977,5661.77989999993,10045.751999999826,10645.763999999745,11145.773999999672,11645.783999999607,12562.468999999475,14115.83339999949,1,0
4,0,1,9,7.0,0.3,1,1,0.0,0.0,0.0,0.0,1.0,1.0,1.0,,4.0,0.0,0.0,0.0,0.0,0.0,0.0,0.0,,,2978.392900000227,3478.4029000002656,3978.903900000277,4662.300000000329,8314.039700000532,8864.050700000575,9597.398700000636,12064.114700000833,13384.141100000928,,,1,0
4,0,1,10,3.0,0.3,0,1,0.0,0.0,0.0,,,,,,,0.0,0.0,0.0,,,,,,,2043.919799999889,2543.929799999848,3060.6067999998027,4795.641499999841,5933.997599999806,,,,,,,0,0
4,0,1,11,1.0,0.9,0,0,1.0,,,,,,,,,0.0,,,,,,,,,6200.666300000349,8084.037300000496,9354.062700000592,,,,,,,,,1,0
4,0,1,12,9.0,0.7,1,0,1.0,1.0,1.0,1.0,0.0,0.0,0.0,0.0,1.0,0.0,0.0,0.0,0.0,0.0,0.0,0.0,0.0,0.0,2030.0406000001153,2963.3926000001893,3680.073600000248,4263.418600000295,6430.606000000188,7863.968000000071,8480.646999999999,9480.667000000085,10780.693000000467,12780.733000001062,14502.434100001086,0,0
4,0,1,13,5.0,0.1,1,1,0.0,1.0,1.0,1.0,1.0,,,,,0.0,0.0,0.0,0.0,0.0,,,,,4128.415899999941,5998.453300000289,6765.135300000225,7265.145300000179,7765.155300000141,8631.839300000041,9651.85970000009,,,,,1,0
4,0,1,14,3.0,0.5,1,0,0.0,0.0,0.0,,,,,,,0.0,0.0,0.0,,,,,,,5110.703899999787,5610.713899999742,6110.723899999704,7462.417599999972,8499.105000000029,,,,,,,0,0
4,0,1,15,7.0,0.9,0,0,1.0,1.0,0.0,0.0,0.0,0.0,0.0,,4.0,0.0,0.0,0.0,0.0,0.0,0.0,0.0,,,8865.7195999992,9490.732099999117,10800.758299999472,11350.769299999634,11900.780299999795,12567.460299999893,13401.35149999978,14234.701499999663,15554.727899999487,,,1,0
4,0,1,16,7.0,0.1,1,1,0.0,0.0,1.0,1.0,1.0,1.0,1.0,,4.0,0.0,0.0,0.0,0.0,0.0,0.0,0.0,,,1561.6978999998628,2061.7078999998125,3296.7325999997065,3991.74649999968,4498.423299999796,5298.439299999988,5798.449300000115,6548.464300000295,7732.362500000546,,,1,0
4,0,1,17,5.0,0.7,0,1,1.0,1.0,1.0,1.0,1.0,,,,,0.0,0.0,0.0,0.0,0.0,,,,,2245.0448999998143,3045.06089999975,3645.0728999996973,4245.084899999645,5698.44729999958,7331.813299999979,8485.169700000057,,,,,0,0
4,0,1,18,1.0,0.3,0,1,0.0,,,,,,,,,0.0,,,,,,,,,2260.5897000005416,4127.293700000997,5132.313800001046,,,,,,,,,0,0
4,0,1,19,9.0,0.9,0,0,1.0,1.0,1.0,1.0,0.0,0.0,0.0,0.0,0.0,0.0,0.0,0.0,0.0,0.0,0.0,0.0,0.0,0.0,1920.038399999907,2436.715400000033,2970.059400000161,3470.0694000002873,4636.759400000568,5286.772400000725,5786.78240000077,6337.276300000862,6837.2863000009875,7653.969300001187,8973.995700001253,1,0
4,0,1,20,1.0,0.1,1,1,0.0,,,,,,,,,0.0,,,,,,,,,3110.0622000007234,4326.7532000010215,7830.749500000934,,,,,,,,,1,0
4,0,1,21,5.0,0.5,0,0,0.0,0.0,0.0,0.0,0.0,,,,,0.0,0.0,0.0,0.0,0.0,,,,,4628.42590000103,5278.438900000973,5863.450600000962,6430.128600001099,6996.806600001241,8680.173600001679,9735.728200001773,,,,,1,0
4,0,1,22,5.0,0.9,0,0,1.0,1.0,0.0,0.0,0.0,,,,,0.0,0.0,0.0,0.0,0.0,,,,,1895.037899999829,2395.047899999784,3495.069899999688,4295.085899999624,4795.095899999579,5511.776899999518,6581.798299999627,,,,,1,0
4,0,1,23,9.0,0.3,0,0,0.0,0.0,0.0,0.0,0.0,0.0,1.0,0.0,0.0,0.0,0.0,0.0,0.0,0.0,0.0,0.0,0.0,0.0,1928.371899999861,2495.0498999998103,3245.612699999833,4028.961700000026,4528.971700000146,5045.648700000271,6129.0037000005395,8012.37470000091,8929.059700000791,9865.745100000746,11102.436500000578,1,0
4,0,1,24,3.0,0.7,1,0,1.0,1.0,1.0,,,,,,,0.0,0.0,0.0,,,,,,,2262.254199999956,2795.598200000084,3295.6082000002,4445.631200000099,5548.986600000008,,,,,,,0,0
4,0,1,25,3.0,0.9,0,0,1.0,0.0,0.0,,,,,,,0.0,0.0,0.0,,,,,,,2193.377200000383,3260.06520000029,3810.076200000242,4593.42520000018,5833.450000000072,,,,,,,1,0
5,1,1,1,3.0,0.5,1,1,0.0,1.0,1.0,,,,,,,0.0,0.0,0.0,,,,,,,9037.181099999878,17060.035799999823,23119.30140000001,29221.94279999997,35349.608699999866,,,,,,,1,0
5,1,1,2,7.0,0.3,1,1,1.0,1.0,1.0,0.0,0.0,0.0,1.0,,4.0,0.0,0.0,0.0,0.0,0.0,0.0,0.0,,,5552.102400000063,7802.639100000062,9385.855800000203,12492.230400000239,13656.703800000245,15788.791200000227,18584.86200000005,23624.79630000017,26679.45360000033,,,1,0
5,1,1,3,7.0,0.1,1,1,1.0,1.0,1.0,1.0,1.0,1.0,1.0,,4.0,0.0,0.0,0.0,0.0,1.0,0.0,1.0,,,3378.3075000001245,4803.035700000136,5740.620300000126,7076.928600000041,8233.060500000032,9300.772500000041,10710.486000000088,14275.643099999968,22140.00929999979,,,1,5
5,1,1,4,5.0,0.1,1,1,1.0,1.0,0.0,0.0,1.0,,,,,0.0,0.0,0.0,0.0,0.0,,,,,2817.758699999844,3947.197799999804,5810.688899999694,6993.513599999622,10341.79169999939,15176.525099999135,18699.97469999915,,,,,1,0
5,1,1,5,5.0,0.9,0,0,0.0,0.0,0.0,0.0,0.0,,,,,0.0,0.0,1.0,1.0,0.0,,,,,2609.221200000076,6601.463100000049,8188.016399999961,9382.519199999837,10897.335599999775,13813.523999999736,18067.688999999933,,,,,1,3
5,1,1,6,7.0,0.9,0,0,0.0,0.0,0.0,0.0,0.0,1.0,1.0,,4.0,0.0,0.0,0.0,0.0,0.0,0.0,0.0,,,2585.8650000001057,3435.02970000028,4442.682900000364,5353.574700000391,6581.44350000031,9517.651500000457,10520.299800000641,13076.135400000483,26374.154700001225,,,1,0
5,1,1,7,5.0,0.5,0,0,0.0,0.0,0.0,0.0,0.0,,,,,0.0,0.0,0.0,1.0,1.0,,,,,29625.67140000004,30708.398099999977,32596.913699999837,33883.172999999784,35713.29809999969,38447.64179999975,41141.94629999973,,,,,1,4
5,1,1,8,1.0,0.9,0,0,0.0,,,,,,,,,0.0,,,,,,,,,7982.815500000727,12413.820300000989,15278.29140000084,,,,,,,,,1,0
5,1,1,9,9.0,0.9,0,0,0.0,0.0,0.0,0.0,0.0,0.0,0.0,0.0,0.0,0.0,0.0,0.0,1.0,1.0,0.0,0.0,0.0,0.0,4924.821599999911,5745.625200000034,6734.927100000205,7639.145700000272,8713.53090000029,9459.261000000313,10401.850500000292,11879.964300000249,12824.222100000294,14475.839100000163,26157.275700000748,1,4
5,1,1,10,9.0,0.7,0,0,0.0,0.0,0.0,0.0,0.0,1.0,1.0,1.0,1.0,0.0,0.0,0.0,0.0,0.0,0.0,0.0,0.0,0.0,3031.301099999785,3802.055699999864,4709.610900000014,5765.644800000171,6609.804600000147,11649.738900000722,12550.62090000075,13351.404900000689,14285.652900000732,16137.465900000601,18271.22160000048,1,0
5,1,1,11,7.0,0.7,1,1,0.0,0.0,0.0,0.0,1.0,1.0,1.0,,4.0,0.0,0.0,0.0,0.0,0.0,0.0,1.0,,,25341.476999999224,26330.77889999917,27273.36839999917,28356.095099999082,30016.053599999013,30639.997799999037,33521.15189999905,35895.142799999216,38197.39679999918,,,1,7
5,1,1,12,3.0,0.7,0,0,0.0,1.0,1.0,,,,,,,0.0,0.0,0.0,,,,,,,6429.628200000132,8715.199200000041,14557.585799999702,18411.358799999758,20264.84009999964,,,,,,,1,0
5,1,1,13,1.0,0.7,0,0,0.0,,,,,,,,,0.0,,,,,,,,,4964.860799999862,7277.124600000099,9452.58780000015,,,,,,,,,1,0
5,1,1,14,9.0,0.1,1,1,1.0,1.0,1.0,1.0,1.0,1.0,1.0,1.0,1.0,0.0,0.0,1.0,1.0,0.0,0.0,1.0,1.0,0.0,3852.1046999997457,5068.2953999998745,5929.1382,6659.853600000033,7327.173600000075,7876.04430000023,8433.256500000227,8933.746500000214,9747.876900000188,11376.13770000012,16871.517900000094,1,3
5,1,1,15,1.0,0.3,1,1,1.0,,,,,,,,,0.0,,,,,,,,,4607.844599999886,8543.364299999559,10770.544799999816,,,,,,,,,1,0
5,1,1,16,5.0,0.3,1,1,1.0,1.0,0.0,0.0,1.0,,,,,0.0,0.0,0.0,0.0,0.0,,,,,2277.229499999993,3293.224200000172,5121.681000000076,5900.777100000019,8586.740100000055,11025.794700000071,13112.838000000162,,,,,1,0
5,1,1,17,3.0,0.9,0,0,0.0,1.0,0.0,,,,,,,0.0,0.0,0.0,,,,,,,3485.078700000072,5880.7575000002535,7642.482300000102,9891.350700000028,11629.719300000144,,,,,,,1,0
5,1,1,18,9.0,0.3,1,1,1.0,1.0,1.0,1.0,1.0,1.0,1.0,1.0,1.0,0.0,0.0,1.0,0.0,1.0,0.0,0.0,0.0,0.0,2741.0168999998136,3284.882699999795,3952.2026999999766,4667.903400000139,5246.803500000249,6314.515500000401,6960.147600000447,7689.1947000005775,8263.089900000583,11187.619800000692,13164.5553000009,1,3
5,1,1,19,9.0,0.5,0,0,1.0,1.0,1.0,1.0,1.0,0.0,0.0,0.0,0.0,0.0,0.0,0.0,0.0,0.0,0.0,0.0,0.0,0.0,3883.802399999881,4664.56679999982,5523.741299999785,6382.915799999773,7455.632699999726,8930.409899999662,9826.286999999584,10810.583999999533,11684.773199999463,14365.731299999461,16065.728999999874,1,0
5,1,1,20,1.0,0.1,1,1,1.0,,,,,,,,,0.0,,,,,,,,,4454.360999999845,6971.8256999997375,9202.34279999982,,,,,,,,,1,0
5,1,1,21,3.0,0.1,1,1,1.0,1.0,1.0,,,,,,,0.0,0.0,0.0,,,,,,,6199.402800000159,8069.5671000002685,9207.347700000131,10562.007300000056,12457.196100000156,,,,,,,1,0
5,1,1,22,5.0,0.7,1,0,0.0,0.0,0.0,1.0,1.0,,,,,0.0,0.0,0.0,0.0,0.0,,,,,9225.699000000215,10183.303200000277,13179.570000000042,14902.923899999934,15893.894100000054,18192.81150000025,20838.735300000244,,,,,0,0
5,1,1,23,7.0,0.5,1,0,0.0,0.0,0.0,0.0,1.0,1.0,1.0,,4.0,0.0,0.0,0.0,0.0,0.0,0.0,0.0,,,2564.177100000041,3359.9561999999896,4389.2972999999765,5393.613900000158,7055.240700000011,7952.786099999952,9257.396699999876,15308.320799999792,18840.11189999949,,,0,0
5,1,1,24,3.0,0.3,1,1,1.0,1.0,0.0,,,,,,,0.0,0.0,0.0,,,,,,,2435.717999999831,5645.527200000012,7916.083499999998,10235.020499999988,11955.037800000046,,,,,,,1,0
5,1,1,25,1.0,0.5,0,0,1.0,,,,,,,,,0.0,,,,,,,,,4509.41489999995,6566.4287999997605,9772.901399999742,,,,,,,,,1,0
6,1,1,1,7.0,0.3,1,1,1.0,1.0,1.0,0.0,1.0,1.0,1.0,,4.0,0.0,0.0,0.0,0.0,0.0,0.0,0.0,,,9063.424900000184,13996.627700000225,18946.49780000012,23929.76840000018,25829.73130000024,28096.464000000284,30446.410000000324,33146.46890000038,41568.07340000018,,,1,0
6,1,1,2,9.0,0.1,1,1,1.0,1.0,1.0,1.0,1.0,1.0,1.0,1.0,1.0,0.0,0.0,0.0,0.0,1.0,0.0,1.0,1.0,0.0,4444.991299999988,5845.013400000003,8344.950399999936,10078.243799999844,10861.572399999788,11828.203099999855,12344.852599999873,12844.863599999917,13461.52299999994,15244.792199999942,17581.51150000006,1,5
6,1,1,3,3.0,0.9,0,0,0.0,0.0,0.0,,,,,,,0.0,0.0,0.0,,,,,,,4058.2723999999534,5691.538400000143,7191.537100000282,8774.928900000323,10961.518300000303,,,,,,,1,0
6,1,1,4,3.0,0.3,1,1,1.0,1.0,1.0,,,,,,,0.0,0.0,0.0,,,,,,,5026.694400000046,5976.641200000075,6576.604900000087,7976.493299999907,9629.769300000009,,,,,,,1,0
6,1,1,5,5.0,0.9,0,0,0.0,0.0,0.0,0.0,0.0,,,,,0.0,0.0,0.0,0.0,1.0,,,,,2926.6917999998896,3493.375499999878,4476.698199999843,5443.302899999858,7326.677399999834,8476.75819999989,10380.120599999866,,,,,1,5
6,1,1,6,5.0,0.1,1,1,1.0,1.0,1.0,1.0,1.0,,,,,0.0,0.0,0.0,1.0,0.0,,,,,3259.9572000000026,4359.996799999945,5159.950699999906,5676.6134999998485,6426.582999999845,7893.249299999837,9613.1957999997,,,,,1,4
6,1,1,7,3.0,0.7,1,0,0.0,0.0,0.0,,,,,,,0.0,0.0,0.0,,,,,,,2995.023699999951,3844.965699999901,4411.634499999943,7978.265199999799,10398.249899999766,,,,,,,0,0
6,1,1,8,7.0,0.9,0,0,0.0,0.0,0.0,0.0,0.0,0.0,0.0,,4.0,0.0,0.0,0.0,0.0,0.0,0.0,1.0,,,3893.3012000001777,4410.021100000186,5493.334400000183,6343.317400000168,8826.641400000224,9859.9405000002,10376.601100000247,11343.2978000003,13396.595500000249,,,1,7
6,1,1,9,5.0,0.7,0,0,0.0,0.0,0.0,0.0,0.0,,,,,0.0,0.0,1.0,1.0,0.0,,,,,2109.923199999844,3226.6784999997853,3776.67479999979,4293.329299999713,4926.640999999709,5843.25609999971,7479.875199999745,,,,,1,3
6,1,1,10,7.0,0.5,0,0,0.0,1.0,1.0,1.0,0.0,0.0,0.0,,4.0,0.0,0.0,0.0,0.0,0.0,0.0,1.0,,,4306.670599999991,5173.346600000002,6573.405599999942,8340.092899999892,9523.404999999915,11139.987899999984,12023.348399999919,12873.311699999882,14376.628299999857,,,1,7
6,1,1,11,3.0,0.5,1,1,1.0,1.0,1.0,,,,,,,0.0,0.0,1.0,,,,,,,3158.2499000000985,4308.2600000001285,5108.255000000073,6741.544600000029,8444.866600000112,,,,,,,1,3
6,1,1,12,7.0,0.1,1,1,1.0,1.0,1.0,1.0,1.0,1.0,1.0,,4.0,0.0,0.0,0.0,0.0,0.0,0.0,1.0,,,2833.2909000000795,3649.966600000178,4649.950800000255,5499.9364000002415,6333.277700000128,7083.295500000118,9233.294200000248,9983.305400000238,11353.293800000334,,,1,7
6,1,1,13,9.0,0.7,0,0,0.0,0.0,0.0,0.0,0.0,0.0,0.0,0.0,0.0,0.0,0.0,0.0,1.0,1.0,1.0,1.0,0.0,0.0,2261.668400000007,3161.71480000004,4178.331000000047,4845.004700000041,5511.63970000001,6244.943800000146,6911.620700000136,7444.913300000151,8194.911500000137,9161.57700000007,10348.225200000014,1,4
6,1,1,14,5.0,0.3,1,1,1.0,1.0,1.0,1.0,1.0,,,,,0.0,0.0,0.0,1.0,0.0,,,,,2258.248100000015,2858.257099999982,3858.2818000001207,4374.903400000119,4891.563500000111,5824.8823000002185,7361.53790000025,,,,,1,4
6,1,1,15,7.0,0.7,0,0,0.0,0.0,0.0,0.0,0.0,0.0,0.0,,4.0,0.0,0.0,0.0,0.0,0.0,1.0,1.0,,,2009.9621999998867,2843.233099999918,3626.6086999999516,4293.3171000000175,4993.321300000071,5726.677000000094,8293.334700000187,8909.977500000221,10179.865600000232,,,1,6
6,1,1,16,9.0,0.9,0,0,0.0,0.0,0.0,0.0,0.0,0.0,0.0,0.0,0.0,0.0,0.0,0.0,0.0,0.0,0.0,0.0,0.0,0.0,2111.556499999977,2661.5381000000225,3378.199700000079,3878.2240000000857,4828.207100000041,5378.263900000002,6128.2567999999865,7411.514000000058,8128.1658000000625,9294.86570000013,10314.831700000146,1,0
6,1,1,17,1.0,0.3,1,1,1.0,,,,,,,,,0.0,,,,,,,,,2343.394699999993,3693.270100000075,5463.192300000098,,,,,,,,,1,0
6,1,1,18,9.0,0.3,1,1,1.0,1.0,1.0,1.0,1.0,1.0,1.0,1.0,1.0,0.0,0.0,0.0,1.0,1.0,0.0,1.0,0.0,0.0,2206.6064999999953,2856.5558999999434,3789.9010999999323,4323.2137999999795,4939.866800000009,5489.800500000003,6056.4990000000025,6639.853699999998,7206.506199999959,8139.830399999903,9343.154699999975,1,4
6,1,1,19,9.0,0.5,0,0,0.0,1.0,0.0,1.0,0.0,1.0,0.0,1.0,0.0,0.0,0.0,0.0,0.0,0.0,0.0,0.0,0.0,0.0,4159.912499999878,5109.843899999896,6226.4979999999205,7143.1600999998445,8126.495899999808,9026.47209999972,10043.135799999553,11526.470699999485,12576.438599999487,13993.091899999525,15313.069899999462,1,0
6,1,1,20,1.0,0.5,0,0,1.0,,,,,,,,,0.0,,,,,,,,,2943.251299999917,4659.826699999884,6298.081400000028,,,,,,,,,1,0
6,1,1,21,1.0,0.1,1,1,1.0,,,,,,,,,0.0,,,,,,,,,3393.252699999931,5326.482300000011,6928.1522999999415,,,,,,,,,1,0
6,1,1,22,5.0,0.5,1,1,0.0,0.0,1.0,1.0,1.0,,,,,0.0,0.0,0.0,0.0,1.0,,,,,2993.375799999998,4376.681500000058,5876.727999999986,7093.410699999872,8276.733099999843,9010.046599999818,10413.394799999804,,,,,1,5
6,1,1,23,1.0,0.7,0,0,0.0,,,,,,,,,0.0,,,,,,,,,2608.2851000000187,3941.5964999999683,5278.153300000097,,,,,,,,,1,0
6,1,1,24,1.0,0.9,0,0,0.0,,,,,,,,,0.0,,,,,,,,,1959.894999999949,3376.492100000046,4513.110099999992,,,,,,,,,1,0
6,1,1,25,3.0,0.1,1,1,1.0,1.0,1.0,,,,,,,0.0,0.0,0.0,,,,,,,2908.220299999918,3724.859499999847,4491.5497999999325,5524.877299999897,7011.554699999834,,,,,,,1,0
7,0,1,1,9.0,0.1,1,1,1.0,1.0,0.0,0.0,0.0,0.0,0.0,1.0,1.0,0.0,0.0,0.0,0.0,0.0,0.0,0.0,0.0,0.0,8622.518199999402,11522.173499999131,14106.874899999319,15475.303699999353,16492.067699999418,17525.121299999508,19108.342499999668,19624.9646999998,20841.65649999985,28708.174200000096,44382.597999999656,1,0
7,0,1,2,5.0,0.3,1,1,0.0,0.0,1.0,1.0,1.0,,,,,0.0,0.0,0.0,0.0,0.0,,,,,6431.088100000343,8297.98220000034,10949.49350000035,11882.837300000449,12982.693700000478,14717.636800000277,128184.45200000163,,,,,1,0
7,0,1,3,3.0,0.7,1,0,1.0,1.0,1.0,,,,,,,0.0,0.0,0.0,,,,,,,4949.823299999963,5683.043399999976,7132.912300000003,9799.29080000016,46168.30789999982,,,,,,,0,0
7,0,1,4,1.0,0.3,0,1,1.0,,,,,,,,,0.0,,,,,,,,,10132.900999999803,12866.024899999988,14905.589200000195,,,,,,,,,0,0
7,0,1,5,5.0,0.7,0,0,0.0,0.0,0.0,1.0,1.0,,,,,0.0,0.0,0.0,0.0,0.0,,,,,2149.781099999871,3166.2787999999127,4099.5662999998685,5132.858299999805,5632.8709999997645,9282.584699999985,19720.063200000382,,,,,1,0
7,0,1,6,1.0,0.9,0,0,0.0,,,,,,,,,0.0,,,,,,,,,2799.954200000011,4433.118600000368,28206.774300001714,,,,,,,,,1,0
7,0,1,7,3.0,0.5,1,1,0.0,1.0,0.0,,,,,,,0.0,0.0,0.0,,,,,,,4366.287100001237,5249.531400001443,6449.438300001433,8632.756700001584,278377.5866999979,,,,,,,1,0
7,0,1,8,9.0,0.7,0,0,1.0,1.0,1.0,1.0,1.0,1.0,1.0,1.0,0.0,0.0,0.0,0.0,0.0,0.0,0.0,0.0,0.0,0.0,3444.878199999829,3961.513299999854,4677.963299999993,5311.2411999998385,5844.605699999908,6394.5397000002185,6911.080900000385,7844.476500000334,9710.980400000362,11444.12610000029,21400.424200000878,1,0
7,0,1,9,5.0,0.5,1,1,0.0,1.0,0.0,1.0,0.0,,,,,0.0,0.0,0.0,0.0,0.0,,,,,2999.956000000051,3516.5205000001697,4116.488900000039,4633.171500000079,5566.5135000000255,7666.417700000131,117732.50410000214,,,,,1,0
7,0,1,10,7.0,0.9,0,0,1.0,0.0,0.0,0.0,0.0,0.0,0.0,,4.0,0.0,0.0,0.0,0.0,0.0,0.0,0.0,,,12083.090300000591,14099.709700001142,14683.196500000986,15183.289700000852,15899.994600001171,16416.595100001112,17366.604300000992,21582.8180000012,31772.094000000223,,,1,0
7,0,1,11,7.0,0.3,0,0,0.0,0.0,0.0,0.0,0.0,0.0,0.0,,4.0,0.0,0.0,0.0,0.0,0.0,0.0,0.0,,,5297.906700000746,5814.550700000649,6347.806300000426,6931.1848000007885,7447.829100001068,8081.1539000011035,8597.749300001098,10497.80560000105,23853.95740000309,,,1,0
7,0,1,12,3.0,0.1,1,1,0.0,0.0,0.0,,,,,,,0.0,0.0,0.0,,,,,,,4682.885500000182,5232.979900000289,5733.0103000002455,8199.408600000454,9566.283000001142,,,,,,,1,0
7,0,1,13,9.0,0.3,1,1,0.0,0.0,0.0,0.0,0.0,0.0,0.0,0.0,0.0,0.0,0.0,0.0,1.0,0.0,0.0,0.0,1.0,1.0,3762.909099999793,4262.911999999872,6629.693999999829,7146.292199999836,7712.906899999682,8229.524499999821,8729.543399999895,9262.845599999815,10196.203899999644,13029.280300000371,14450.86680000065,1,4
7,0,1,14,3.0,0.9,0,0,1.0,1.0,1.0,,,,,,,0.0,0.0,0.0,,,,,,,3016.4630000002453,3516.493300000184,4349.918800000452,5884.870100000435,7474.699100000345,,,,,,,1,0
7,0,1,15,7.0,0.7,0,0,1.0,1.0,1.0,1.0,1.0,1.0,1.0,,4.0,0.0,0.0,0.0,1.0,0.0,0.0,1.0,,,5032.457399999836,5832.267799999699,6448.91479999967,6949.040299999289,7449.165199999345,7982.56949999935,8649.193199999349,10683.943599999937,12223.863900000108,,,1,4
7,0,1,16,7.0,0.1,1,1,0.0,0.0,0.0,0.0,0.0,0.0,0.0,,4.0,0.0,0.0,0.0,0.0,1.0,0.0,0.0,,,4166.586500000398,4749.900600000078,5383.180800000047,5983.014700000202,6499.590000000742,7232.925000001082,7766.314700001234,10432.773300001198,11922.784600001109,,,1,5
7,0,1,17,9.0,0.9,0,0,1.0,1.0,1.0,1.0,1.0,1.0,1.0,1.0,1.0,0.0,0.0,0.0,0.0,0.0,0.0,1.0,0.0,1.0,5147.734699999774,5831.023499999662,6331.095999999627,6831.107099999581,7347.662299999247,8614.287299998992,9114.313799999163,9931.043299999023,10431.058399999034,12664.24189999941,14304.283299999335,1,7
7,0,1,18,3.0,0.3,1,0,0.0,0.0,0.0,,,,,,,0.0,0.0,0.0,,,,,,,4598.2385000002805,5114.87680000034,5631.476300000304,8281.294900000108,9887.809500000307,,,,,,,0,0
7,0,1,19,5.0,0.1,1,1,0.0,0.0,0.0,0.0,0.0,,,,,0.0,0.0,0.0,0.0,0.0,,,,,2615.972399999714,3249.3266999995567,3765.9833999994207,4515.964299999364,5149.366399999824,7165.882999999422,8972.552899999253,,,,,1,0
7,0,1,20,1.0,0.5,1,0,1.0,,,,,,,,,0.0,,,,,,,,,3564.7451999997943,5498.073899999727,7087.8182999998535,,,,,,,,,0,0
7,0,1,21,1.0,0.7,1,0,1.0,,,,,,,,,0.0,,,,,,,,,3129.8369999996376,7812.865399999917,9385.951599999727,,,,,,,,,0,0
7,0,1,22,1.0,0.1,1,1,0.0,,,,,,,,,0.0,,,,,,,,,4281.084600000266,7530.592600000415,9054.066800000122,,,,,,,,,1,0
7,0,1,23,9.0,0.5,0,0,0.0,0.0,0.0,0.0,0.0,0.0,0.0,0.0,0.0,0.0,0.0,0.0,0.0,0.0,0.0,0.0,0.0,0.0,2983.178000000936,3583.1518000009723,4099.800900000848,4716.439900000909,5233.081600001107,5866.274300001374,6666.175300001352,7166.183200001203,7682.750800001013,9565.815000001478,10789.1502000018,1,0
7,0,1,24,7.0,0.5,0,0,0.0,0.0,0.0,0.0,0.0,0.0,0.0,,4.0,0.0,0.0,0.0,0.0,0.0,0.0,0.0,,,2231.451100000273,2748.130400000165,3514.7783999995345,4131.516099999473,4648.176399999788,5148.227399999531,5664.830999999726,8014.6638999998295,9331.264500000048,,,1,0
7,0,1,25,5.0,0.9,0,0,1.0,1.0,1.0,1.0,1.0,,,,,0.0,0.0,1.0,0.0,0.0,,,,,3133.3854999998143,4083.2158000000763,4599.778200000199,5199.784800000167,5749.706800000304,6882.86930000075,8037.739200000497,,,,,1,3
8,1,1,1,3.0,0.5,1,1,0.0,1.0,1.0,,,,,,,0.0,0.0,0.0,,,,,,,8059.658299999886,17251.514599999842,27459.40869999977,52751.089999999895,58612.58380000008,,,,,,,1,0
8,1,1,2,7.0,0.3,1,1,1.0,0.0,1.0,1.0,0.0,1.0,1.0,,4.0,0.0,0.0,0.0,1.0,0.0,0.0,0.0,,,10832.344800000048,18191.089999999982,23366.0303,27315.849700000297,30874.186100000155,33899.32310000042,36607.58130000037,43482.46320000032,51168.34480000022,,,1,4
8,1,1,3,9.0,0.9,0,0,1.0,0.0,0.0,1.0,0.0,0.0,0.0,1.0,1.0,0.0,0.0,0.0,0.0,0.0,1.0,0.0,0.0,0.0,5957.342599999857,7707.439499999838,8915.753499999937,12382.175300000119,13007.115100000176,13515.344800000219,14015.379800000219,15315.293200000231,16190.342600000393,26181.957700000483,33134.412500000784,1,6
8,1,1,4,1.0,0.7,1,0,1.0,,,,,,,,,0.0,,,,,,,,,8023.901900000059,12207.227600000086,15484.548900000058,,,,,,,,,0,0
8,1,1,5,3.0,0.3,1,1,1.0,0.0,1.0,,,,,,,0.0,0.0,0.0,,,,,,,5499.195999999994,7974.276399999873,8765.932099999787,10365.771199999941,12143.311399999811,,,,,,,1,0
8,1,1,6,5.0,0.3,1,1,1.0,0.0,1.0,0.0,1.0,,,,,0.0,0.0,0.0,0.0,0.0,,,,,5916.486900000024,7616.571600000111,8633.258000000098,12149.852500000105,12974.859100000149,14433.140100000059,15927.24329999998,,,,,1,0
8,1,1,7,1.0,0.5,0,1,1.0,,,,,,,,,0.0,,,,,,,,,4099.128899999964,8499.051699999856,10093.186099999784,,,,,,,,,0,0
8,1,1,8,7.0,0.9,0,0,0.0,1.0,0.0,0.0,0.0,1.0,0.0,,4.0,0.0,0.0,0.0,1.0,1.0,0.0,0.0,,,4957.494500000223,6265.658200000177,6915.658200000268,8082.280800000204,9157.245700000269,9965.675800000174,10698.823100000254,12398.855100000234,14267.895100000358,,,1,4
8,1,1,9,1.0,0.1,1,1,1.0,,,,,,,,,0.0,,,,,,,,,3207.3610000001063,6415.741500000151,8034.993600000118,,,,,,,,,1,0
8,1,1,10,5.0,0.1,1,1,1.0,1.0,1.0,1.0,0.0,,,,,0.0,0.0,1.0,1.0,0.0,,,,,3549.0628000001,5440.694700000154,6765.742600000046,7740.6999999999325,10607.507699999842,12599.23370000008,14351.805100000469,,,,,1,3
8,1,1,11,9.0,0.1,1,1,1.0,1.0,1.0,0.0,0.0,0.0,1.0,1.0,1.0,0.0,0.0,1.0,0.0,0.0,0.0,1.0,0.0,0.0,7956.4095999993715,8739.713499999367,10148.01089999942,12564.699999999662,13064.756199999658,13748.115099999624,14273.11649999963,14831.498399999686,15331.525999999605,17306.447299999578,18567.3126999996,1,3
8,1,1,12,9.0,0.5,1,1,1.0,1.0,1.0,1.0,1.0,0.0,0.0,0.0,0.0,0.0,0.0,0.0,0.0,1.0,0.0,0.0,0.0,0.0,5350.033100000315,6608.338700000511,7141.6276000004345,10241.61650000024,11566.737500000352,12358.377700000232,12958.376300000144,13458.41180000017,14591.784000000293,15858.379100000277,17169.266500000213,1,5
8,1,1,13,3.0,0.7,0,0,0.0,0.0,0.0,,,,,,,0.0,0.0,1.0,,,,,,,4158.37519999982,6341.5998999998255,9449.84349999984,10824.809799999965,12227.359099999983,,,,,,,1,3
8,1,1,14,3.0,0.1,0,1,1.0,1.0,1.0,,,,,,,0.0,0.0,0.0,,,,,,,2340.0210000000448,3206.678900000049,9939.92290000025,13231.784500000205,14709.403600000443,,,,,,,0,0
8,1,1,15,1.0,0.3,0,0,1.0,,,,,,,,,0.0,,,,,,,,,6656.785100000079,10848.336000000125,12235.127000000313,,,,,,,,,1,0
8,1,1,16,7.0,0.1,1,1,1.0,0.0,1.0,1.0,1.0,1.0,0.0,,4.0,0.0,0.0,0.0,0.0,1.0,0.0,0.0,,,2681.576500000042,4848.106900000068,7164.6763000002975,9097.985700000334,10389.606600000148,11114.657300000063,12139.683600000037,13906.311700000128,15042.189700000083,,,1,5
8,1,1,17,9.0,0.3,0,0,1.0,1.0,0.0,0.0,1.0,0.0,1.0,0.0,0.0,0.0,0.0,0.0,0.0,0.0,0.0,0.0,1.0,0.0,2415.007500000088,3173.330199999757,4898.0549999997165,5398.0975999998545,6356.366799999847,7556.3641999998645,9131.889499999572,9815.19469999953,10740.18099999942,12081.826699999454,13251.005199999607,1,8
8,1,1,18,5.0,0.7,1,1,0.0,0.0,1.0,1.0,0.0,,,,,0.0,0.0,0.0,0.0,0.0,,,,,2874.583900000284,3424.567200000329,4099.557500000216,6224.496700000266,6774.49770000021,8524.612699999985,9585.40710000002,,,,,1,0
8,1,1,19,1.0,0.9,0,0,1.0,,,,,,,,,0.0,,,,,,,,,3306.952300000005,5431.971500000153,6767.811200000026,,,,,,,,,1,0
8,1,1,20,5.0,0.9,0,0,0.0,1.0,1.0,0.0,0.0,,,,,0.0,0.0,0.0,0.0,0.0,,,,,10364.994500000486,12164.887000000606,14314.768100000656,14889.870600000657,15389.877700000838,18540.012000000865,19859.198500000784,,,,,1,0
8,1,1,21,7.0,0.7,0,0,0.0,0.0,1.0,1.0,0.0,0.0,0.0,,4.0,0.0,0.0,0.0,0.0,0.0,0.0,0.0,,,2524.1049999999923,4257.428800000191,4799.071200000354,5515.699900000367,6232.418100000316,6732.430400000203,7674.119100000157,8832.4699000003,9951.725700000412,,,1,0
8,1,1,22,3.0,0.9,1,1,0.0,0.0,1.0,,,,,,,0.0,0.0,0.0,,,,,,,3431.830500000526,4123.474000000531,5590.037700000645,7048.28660000062,8334.032400000326,,,,,,,1,0
8,1,1,23,9.0,0.7,0,0,0.0,0.0,0.0,0.0,0.0,0.0,1.0,1.0,1.0,0.0,0.0,0.0,1.0,0.0,1.0,0.0,0.0,0.0,3958.402499999761,4458.436399999716,5066.82869999985,5725.120999999829,6425.151299999767,7533.460299999489,8041.776599999646,8550.085599999516,9675.215299999189,11792.042699999234,13577.894999999218,1,4
8,1,1,24,5.0,0.5,1,1,0.0,0.0,1.0,1.0,0.0,,,,,0.0,0.0,0.0,0.0,0.0,,,,,3273.3683999999353,3798.3179000000514,4423.301000000114,5098.336000000359,5789.999800000326,10640.201800000552,11817.70380000033,,,,,1,0
8,1,1,25,7.0,0.5,0,0,0.0,0.0,0.0,1.0,1.0,0.0,0.0,,4.0,0.0,0.0,0.0,0.0,0.0,0.0,1.0,,,2681.780200000106,3190.06230000028,3781.701600000542,5806.598000000332,6314.838500000356,6831.506300000413,7956.435700000359,9456.413800000284,10658.878700000048,,,1,7
9,0,1,1,7.0,0.9,0,0,1.0,1.0,1.0,1.0,1.0,1.0,1.0,,4.0,0.0,0.0,0.0,1.0,0.0,0.0,0.0,,,12890.748699999805,14207.143599999714,15773.4767999998,17656.47909999967,18406.099299999718,18922.69009999976,19439.22819999985,44184.18630000057,56070.72940000053,,,1,4
9,0,1,2,1.0,0.7,0,0,1.0,,,,,,,,,0.0,,,,,,,,,10823.089700000348,18205.040100000268,20224.44499999985,,,,,,,,,1,0
9,0,1,3,7.0,0.5,0,0,0.0,0.0,0.0,0.0,0.0,1.0,1.0,,4.0,0.0,0.0,0.0,0.0,0.0,0.0,0.0,,,18516.85993332119,20132.671633321253,22148.58693332122,23581.743833321234,27447.677233321407,28680.561333321475,29463.697433321548,32946.18393332193,35448.460133322216,,,1,0
9,0,1,4,7.0,0.7,1,1,1.0,1.0,1.0,1.0,1.0,1.0,0.0,,4.0,0.0,0.0,0.0,0.0,0.0,0.0,0.0,,,6814.291499999798,7530.95109999972,8080.912499999765,8630.985999999539,9264.194099999526,10064.15809999942,13780.098699999024,16612.67439999929,21366.490599999288,,,1,0
9,0,1,5,3.0,0.7,0,0,1.0,1.0,1.0,,,,,,,0.0,0.0,0.0,,,,,,,10623.813400000388,11423.68270000034,12523.612500000188,14989.621700000132,17991.028600000158,,,,,,,1,0
9,0,1,6,5.0,0.5,0,0,0.0,0.0,0.0,0.0,1.0,,,,,0.0,0.0,0.0,0.0,0.0,,,,,7773.0032999996265,8389.48919999943,8906.088599999592,11938.33939999973,12454.732499999705,17586.888500000223,21769.005500000283,,,,,1,0
9,0,1,7,7.0,0.3,1,1,0.0,0.0,0.0,0.0,0.0,0.0,1.0,,4.0,0.0,0.0,0.0,0.0,0.0,1.0,0.0,,,5431.277799999972,5997.779599999977,6564.560999999934,7147.587299999867,8330.5953999999,10147.004899999749,11063.245099999636,17595.012299999868,19081.1389,,,1,6
9,0,1,8,3.0,0.1,1,1,0.0,0.0,0.0,,,,,,,0.0,0.0,0.0,,,,,,,6342.231200000818,6858.617500000633,7375.027100000694,11457.16070000081,12576.85640000086,,,,,,,1,0
9,0,1,9,5.0,0.9,1,1,1.0,1.0,1.0,1.0,1.0,,,,,0.0,0.0,0.0,0.0,0.0,,,,,9541.524600000112,10058.082700000044,10574.677599999959,11091.229699999983,11891.037400000025,18073.83850000044,19645.54310000044,,,,,1,0
9,0,1,10,1.0,0.1,1,1,0.0,,,,,,,,,0.0,,,,,,,,,20979.052899999675,23561.39900000002,24882.30810000004,,,,,,,,,1,0
9,0,1,11,9.0,0.7,1,1,1.0,1.0,1.0,1.0,1.0,1.0,1.0,0.0,0.0,0.0,0.0,0.0,0.0,0.0,0.0,0.0,0.0,0.0,7909.253100000054,8442.334200000005,9258.871699999982,9775.351899999892,10291.908300000003,10791.926099999979,11608.121300000168,13307.562200000124,13940.762300000031,19006.365000000358,21260.791700000344,1,0
9,0,1,12,3.0,0.9,0,1,1.0,1.0,1.0,,,,,,,0.0,0.0,0.0,,,,,,,9607.180200000419,10523.846600000352,11040.484700000383,12673.607500000722,14061.848200000784,,,,,,,0,0
9,0,1,13,9.0,0.3,1,1,0.0,0.0,0.0,0.0,0.0,0.0,1.0,1.0,1.0,0.0,0.0,0.0,0.0,1.0,0.0,0.0,0.0,0.0,12940.891900000124,13457.311200000002,13973.44869999994,14789.710300000032,15323.070699999993,16022.818999999889,18655.28119999985,19388.330799999818,20071.634099999825,22804.09419999964,24025.32809999953,1,5
9,0,1,14,1.0,0.9,0,0,1.0,,,,,,,,,0.0,,,,,,,,,17242.918199999473,19809.26739999922,21313.943099999186,,,,,,,,,1,0
9,0,1,15,3.0,0.3,0,0,0.0,0.0,0.0,,,,,,,0.0,0.0,0.0,,,,,,,12490.377399999992,13023.595199999883,13540.213699999887,16289.817599999116,18527.778699999122,,,,,,,1,0
9,0,1,16,5.0,0.7,1,1,1.0,1.0,1.0,1.0,1.0,,,,,0.0,0.0,0.0,0.0,0.0,,,,,14107.377599997739,14923.954299997598,16057.2324999976,17089.99509999772,17656.595399997837,23055.64009999792,24643.300299997754,,,,,1,0
9,0,1,17,9.0,0.1,1,1,0.0,0.0,0.0,0.0,0.0,1.0,1.0,1.0,1.0,0.0,0.0,1.0,0.0,1.0,0.0,0.0,0.0,0.0,4255.56870000041,4772.214000000293,5505.352800000339,6221.6502000003065,6887.670099999937,8454.532100000228,8954.644600000463,10070.829000000243,10737.694900000057,13020.09070000041,14472.928500000176,1,3
9,0,1,18,3.0,0.5,1,0,0.0,0.0,0.0,,,,,,,0.0,0.0,0.0,,,,,,,5342.107600001175,5858.415300000922,6374.8962000009315,8807.468900000467,10543.392000000526,,,,,,,0,0
9,0,1,19,1.0,0.5,0,0,1.0,,,,,,,,,0.0,,,,,,,,,2991.293400000549,7073.834000000081,8095.3298000000195,,,,,,,,,1,0
9,0,1,20,5.0,0.3,0,0,0.0,0.0,0.0,0.0,0.0,,,,,0.0,0.0,0.0,0.0,0.0,,,,,7790.966099999888,8307.545399999894,8807.68909999991,9307.8155999999,10274.064899999456,12040.017199999078,13161.854499999605,,,,,1,0
9,0,1,21,9.0,0.5,1,0,0.0,0.0,0.0,0.0,0.0,1.0,1.0,1.0,1.0,0.0,0.0,0.0,0.0,0.0,0.0,0.0,0.0,0.0,2592.6860999997475,3159.113299999761,3675.706999999775,4208.936899999461,5225.549999999723,6441.729200000085,6958.324199999849,7624.726399999859,8141.225599999797,13189.567899999192,15971.686599999317,0,0
9,0,1,22,5.0,0.1,1,1,0.0,0.0,0.0,0.0,0.0,,,,,0.0,0.0,0.0,0.0,0.0,,,,,4373.932400000283,4890.480900000361,5407.01670000036,5923.622700000553,7156.568700000623,9389.132000000336,10559.093099999667,,,,,1,0
9,0,1,23,9.0,0.9,0,0,1.0,1.0,1.0,1.0,1.0,1.0,1.0,1.0,1.0,0.0,0.0,0.0,0.0,1.0,0.0,1.0,1.0,1.0,3307.427700000329,3840.657900000389,4357.313900000766,5240.320900001075,6090.069400001178,6606.501700001002,7339.7591000009315,8122.871200000891,8639.330400001325,10238.996900001519,11391.88040000165,1,5
9,0,1,24,7.0,0.1,1,1,0.0,0.0,0.0,0.0,0.0,0.0,0.0,,4.0,0.0,0.0,0.0,0.0,0.0,1.0,1.0,,,4195.724900000101,4995.570100000013,5512.104700000237,6328.577200000294,6928.3462000002855,7444.800100000134,7961.263700000059,10611.375299999709,11666.016899999668,,,1,6
9,0,1,25,1.0,0.3,0,0,0.0,,,,,,,,,0.0,,,,,,,,,3874.9771999995937,6140.926199999825,7628.797799999877,,,,,,,,,1,0
10,0,1,1,5.0,0.7,0,1,0.0,1.0,1.0,0.0,1.0,,,,,0.0,0.0,0.0,0.0,1.0,,,,,7501.859299999732,20558.907400000026,24660.69990000005,25879.09000000001,26979.09220000004,34037.61250000008,39547.58310000029,,,,,0,5
10,0,1,2,1.0,0.7,0,0,0.0,,,,,,,,,0.0,,,,,,,,,6921.857300000022,9790.271899999998,12531.981000000134,,,,,,,,,1,0
10,0,1,3,9.0,0.1,1,1,1.0,1.0,0.0,1.0,0.0,1.0,0.0,1.0,0.0,0.0,0.0,0.0,0.0,0.0,0.0,0.0,0.0,0.0,5416.8216000000675,7733.5382000001855,11350.27679999977,12850.304199999586,13987.013599999256,15088.749699999436,16023.770299999458,17308.779499999484,21712.27069999932,23697.333799999247,26057.37699999895,1,0
10,0,1,4,7.0,0.5,0,0,0.0,1.0,0.0,1.0,0.0,1.0,0.0,,4.0,0.0,0.0,0.0,0.0,0.0,0.0,0.0,,,3383.3800999997866,4736.7586999998275,5903.436199999804,6803.473099999902,7653.49729999991,8486.880900000082,9503.585900000027,14588.729500001098,17062.140400000804,,,1,0
10,0,1,5,7.0,0.1,1,1,0.0,1.0,0.0,1.0,0.0,1.0,1.0,,4.0,0.0,0.0,0.0,0.0,0.0,0.0,0.0,,,3500.0964999999715,4266.769499999923,6283.484699999862,7083.512799999904,8016.874099999958,8733.57579999992,9583.605599999955,12102.053699999986,16193.81219999968,,,1,0
10,0,1,6,7.0,0.3,0,1,0.0,1.0,0.0,1.0,0.0,1.0,0.0,,4.0,0.0,0.0,0.0,0.0,0.0,1.0,0.0,,,2953.456699999945,3871.815099999853,4738.499999999704,5655.2170999996815,6521.902999999655,7323.58369999952,9075.252499999593,11643.653499999624,15538.754199999643,,,0,6
10,0,1,7,5.0,0.9,0,0,0.0,1.0,0.0,1.0,0.0,,,,,0.0,0.0,0.0,0.0,0.0,,,,,2735.0630000000124,3601.7357999999426,4468.466899999941,5220.104300000075,6256.789400000345,8690.214500000458,11211.979800000825,,,,,1,0
10,0,1,8,5.0,0.5,0,0,0.0,1.0,0.0,1.0,0.0,,,,,0.0,0.0,0.0,0.0,0.0,,,,,1353.3774999998386,2403.458599999592,3636.8585999995225,4355.226799999446,5338.601599999513,6658.6517999995385,9150.296699999755,,,,,1,0
10,0,1,9,9.0,0.7,0,0,0.0,1.0,0.0,1.0,0.0,1.0,0.0,1.0,1.0,0.0,0.0,0.0,0.0,0.0,0.0,0.0,0.0,0.0,816.6977999999889,1801.698399999751,2603.3933999998967,3303.4071999999237,4020.046500000021,4820.075900000006,6070.1012999997265,7236.83469999977,9156.905599999822,11140.271099999938,12413.627100000125,1,0
10,0,1,10,3.0,0.1,1,1,0.0,1.0,0.0,,,,,,,0.0,0.0,0.0,,,,,,,4050.092200000072,4983.439299999946,7166.8474999997425,9203.538799999482,11136.938699999537,,,,,,,1,0
10,0,1,11,3.0,0.7,0,0,0.0,1.0,0.0,,,,,,,0.0,0.0,0.0,,,,,,,3135.0864999997884,3851.7813999996974,4568.464099999798,9275.286299999929,10933.688900000036,,,,,,,1,0
10,0,1,12,9.0,0.3,1,1,0.0,1.0,0.0,1.0,0.0,1.0,1.0,1.0,1.0,0.0,0.0,0.0,0.0,0.0,0.0,0.0,0.0,0.0,3103.3860000006057,3780.078500000585,4440.094100000687,5073.44210000074,5823.486900000748,6656.839000000759,7290.199600000738,7906.883000000669,8958.591500000757,10981.990700000642,15135.466400000909,1,0
10,0,1,13,7.0,0.9,0,0,0.0,1.0,0.0,1.0,0.0,1.0,0.0,,4.0,0.0,0.0,0.0,0.0,0.0,0.0,0.0,,,1020.0003000000722,2736.7001000002706,3753.3577000001173,4608.382600000191,5141.727700000097,5693.4045000001815,6193.424600000041,8230.155500000194,9640.1979,,,1,0
10,0,1,14,1.0,0.9,1,0,0.0,,,,,,,,,0.0,,,,,,,,,2116.69279999988,4985.115999999746,6625.163999999752,,,,,,,,,0,0
10,0,1,15,1.0,0.3,1,1,1.0,,,,,,,,,0.0,,,,,,,,,2455.0499000000545,7321.858099999687,8943.553199999578,,,,,,,,,1,0
10,0,1,16,1.0,0.1,1,1,0.0,,,,,,,,,0.0,,,,,,,,,3535.1005000003943,6336.883800000066,7570.278800000014,,,,,,,,,1,0
10,0,1,17,5.0,0.1,0,0,0.0,1.0,0.0,1.0,0.0,,,,,0.0,0.0,0.0,0.0,0.0,,,,,2220.076600000204,4753.455500000178,5536.812800000109,6235.167100000208,9658.59020000019,12761.996999999876,14437.028399999941,,,,,1,0
10,0,1,18,3.0,0.3,1,1,0.0,1.0,0.0,,,,,,,0.0,0.0,0.0,,,,,,,2335.0629999997336,2918.39689999976,3751.775199999789,7623.633900000039,10033.77970000008,,,,,,,1,0
10,0,1,19,9.0,0.9,0,0,0.0,1.0,0.0,1.0,0.0,1.0,0.0,1.0,0.0,0.0,0.0,0.0,0.0,0.0,0.0,0.0,0.0,0.0,2050.094400000165,2635.130700000085,3451.826600000112,4068.492300000228,4668.507100000268,5185.199300000237,5851.889700000191,6968.619200000107,8202.029800000098,9918.754900000056,10918.800599999915,1,0
10,0,1,20,1.0,0.5,0,1,0.0,,,,,,,,,0.0,,,,,,,,,1206.7100000000212,5105.178700000233,8050.2732000000515,,,,,,,,,0,0
10,0,1,21,9.0,0.5,0,0,0.0,1.0,0.0,1.0,0.0,1.0,0.0,1.0,0.0,0.0,0.0,0.0,0.0,0.0,1.0,0.0,0.0,0.0,1466.670200000004,2299.994199999852,3150.020099999756,3850.0341999998323,4516.704499999829,5050.054899999754,5561.735999999846,6070.075599999832,6736.7731999998705,7971.787999999937,8996.783400000153,1,6
10,0,1,22,3.0,0.9,0,0,0.0,1.0,0.0,,,,,,,0.0,0.0,0.0,,,,,,,1233.353000000166,1916.7157000001632,3033.4152000002196,5801.793700000079,7228.454500000081,,,,,,,1,0
10,0,1,23,7.0,0.7,0,0,0.0,1.0,0.0,1.0,0.0,1.0,1.0,,4.0,0.0,0.0,0.0,0.0,0.0,0.0,0.0,,,1398.3614999999404,2065.041899999975,2983.399500000105,3533.4132000000814,4635.122099999969,5136.810900000088,5786.833900000273,8405.2277000001,9845.280400000058,,,1,0
10,0,1,24,5.0,0.3,1,1,0.0,0.0,0.0,0.0,0.0,,,,,0.0,0.0,0.0,0.0,0.0,,,,,6368.5151000000205,6920.208800000001,7586.911799999971,8220.243299999955,9305.239600000019,10493.63809999998,12095.323900000005,,,,,1,0
10,0,1,25,3.0,0.5,1,0,0.0,1.0,0.0,,,,,,,0.0,0.0,0.0,,,,,,,2151.6675000002137,2903.3659000000566,3653.3968999999574,6723.5413999998655,8316.941599999884,,,,,,,0,0
11,1,1,1,5.0,0.7,0,0,0.0,0.0,0.0,0.0,0.0,,,,,0.0,0.0,0.0,0.0,0.0,,,,,9303.800399999638,10831.976099999489,13338.790699999432,18019.570099999324,21526.53229999913,24797.29669999944,28284.15899999978,,,,,1,0
11,1,1,2,5.0,0.5,1,1,1.0,1.0,1.0,1.0,1.0,,,,,0.0,0.0,1.0,0.0,0.0,,,,,6877.973699999652,8266.718299999318,9593.028599999341,10856.893099999214,11780.79519999923,16461.227099998803,22011.29059999855,,,,,1,3
11,1,1,3,1.0,0.5,0,0,0.0,,,,,,,,,0.0,,,,,,,,,7009.520800000856,9280.20410000096,12101.136200001378,,,,,,,,,1,0
11,1,1,4,7.0,0.5,1,1,0.0,0.0,0.0,0.0,1.0,1.0,1.0,,4.0,0.0,0.0,0.0,0.0,0.0,0.0,0.0,,,5093.098699999807,6002.770699999659,6697.5784000001,7503.036900000204,11301.433899999643,12030.604299999528,12766.72629999937,19225.0365999995,22733.62059999888,,,1,0
11,1,1,5,1.0,0.7,0,1,0.0,,,,,,,,,0.0,,,,,,,,,7711.067999999806,14711.086599999819,16323.696999999649,,,,,,,,,0,0
11,1,1,6,1.0,0.9,0,0,0.0,,,,,,,,,0.0,,,,,,,,,5211.988900000391,8281.383300000649,9685.665400000637,,,,,,,,,1,0
11,1,1,7,7.0,0.1,1,1,1.0,1.0,1.0,1.0,1.0,1.0,1.0,,4.0,0.0,0.0,0.0,0.0,0.0,0.0,0.0,,,3635.373099999794,4232.625099999679,4739.568899999572,5246.366399999692,5753.303999999572,6253.3248999996495,6753.3451999994895,9510.242899999928,11004.976999999812,,,1,0
11,1,1,8,9.0,0.1,1,1,1.0,1.0,1.0,1.0,1.0,1.0,1.0,1.0,1.0,0.0,0.0,1.0,0.0,1.0,0.0,1.0,0.0,0.0,5648.3990000000795,6176.182099999971,6676.500400000039,7183.4054000000815,7794.515900000013,9169.25110000021,10745.594000000256,11356.674700000189,14280.133300000552,16863.486600000295,18031.578000000245,1,3
11,1,1,9,5.0,0.1,1,1,1.0,1.0,1.0,1.0,1.0,,,,,0.0,0.0,0.0,0.0,0.0,,,,,4467.456099999368,4988.492399999449,5509.304599999627,6057.947699999717,6564.8613999997815,7995.140899999445,9558.985399999412,,,,,1,0
11,1,1,10,5.0,0.3,1,1,1.0,1.0,1.0,1.0,1.0,,,,,0.0,0.0,0.0,1.0,0.0,,,,,3370.977099999531,3982.098599999677,4766.779299999579,5870.854799999404,6863.968499999437,8051.716099999574,9539.203899999693,,,,,1,4
11,1,1,11,3.0,0.7,1,0,0.0,0.0,0.0,,,,,,,0.0,0.0,0.0,,,,,,,2801.7531999999064,3461.4964000001546,3968.097200000401,5467.943700000496,7399.903100000533,,,,,,,0,0
11,1,1,12,7.0,0.7,0,0,0.0,0.0,0.0,0.0,0.0,0.0,0.0,,4.0,0.0,0.0,0.0,0.0,0.0,0.0,0.0,,,3697.423600000259,5669.6935000002695,6176.619600000094,6683.564300000021,7190.363700000028,7863.941599999908,8363.9507,11871.007499999312,13212.625499999675,,,1,0
11,1,1,13,3.0,0.5,1,1,1.0,1.0,1.0,,,,,,,0.0,0.0,0.0,,,,,,,4607.5602000007375,5114.493100000792,5614.517200000911,6760.331200000976,8136.340900000782,,,,,,,1,0
11,1,1,14,9.0,0.5,1,0,1.0,1.0,1.0,1.0,1.0,0.0,0.0,0.0,0.0,0.0,0.0,0.0,0.0,0.0,0.0,0.0,0.0,0.0,6825.6510999996935,7325.6562999998405,7825.681199999618,8325.68289999968,9401.32259999967,11470.41629999979,11977.128200000096,12484.063800000471,12990.93320000036,17039.666600000706,18256.28770000068,0,0
11,1,1,15,3.0,0.3,1,1,1.0,1.0,1.0,,,,,,,0.0,0.0,0.0,,,,,,,2419.4763999996107,3141.700999999559,3641.705499999528,4995.788899999291,6358.3124999994825,,,,,,,1,0
11,1,1,16,9.0,0.3,0,0,1.0,1.0,1.0,1.0,1.0,1.0,1.0,1.0,1.0,0.0,0.0,0.0,0.0,0.0,0.0,0.0,0.0,0.0,3044.352599999562,3544.4789999997083,4044.591599999701,5099.588399999808,5627.156499999789,6127.1654999996945,6634.116899999641,7141.040899999378,7647.96389999962,10640.823600000398,11988.271000000559,1,0
11,1,1,17,1.0,0.3,0,1,1.0,,,,,,,,,0.0,,,,,,,,,2284.728900000289,4277.949300000569,5397.384800000496,,,,,,,,,0,0
11,1,1,18,7.0,0.9,0,0,0.0,0.0,0.0,0.0,0.0,0.0,0.0,,4.0,0.0,0.0,1.0,1.0,0.0,0.0,1.0,,,2856.985200000056,3801.2655999998133,4488.713299999767,4995.656499999834,5780.377399999923,6287.301899999885,7342.827799999933,8530.273199999785,9781.650399999644,,,1,3
11,1,1,19,9.0,0.9,0,0,0.0,0.0,0.0,0.0,0.0,0.0,0.0,0.0,0.0,0.0,0.0,0.0,0.0,0.0,0.0,0.0,1.0,0.0,3101.7407000003277,3601.7643000002263,4108.699900000194,4615.630500000326,5469.920200000322,5976.857700000151,6477.021500000216,6983.787999999991,7740.740300000108,8837.959899999996,10117.294600000148,1,8
11,1,1,20,5.0,0.9,0,0,0.0,0.0,0.0,0.0,0.0,,,,,0.0,0.0,0.0,0.0,0.0,,,,,2621.111299999826,3121.1662000000238,3864.233600000082,4371.097000000276,4871.121400000361,6065.56420000046,7191.957900000312,,,,,1,0
11,1,1,21,7.0,0.3,1,1,1.0,1.0,1.0,1.0,1.0,1.0,1.0,,4.0,0.0,0.0,1.0,0.0,1.0,0.0,0.0,,,2270.7974000002496,2770.8102000002045,3486.0805000002033,3986.1420999997054,4493.039399999986,5152.659699999776,5652.969099999994,6750.254800000098,8161.333599999908,,,1,3
11,1,1,22,9.0,0.7,1,1,0.0,0.0,0.0,0.0,0.0,0.0,0.0,0.0,0.0,0.0,0.0,0.0,0.0,0.0,0.0,0.0,0.0,0.0,2400.6929000006508,3150.688600000248,3657.6254999997773,4428.595299999114,4935.539299999363,5442.439499999007,5949.372699999281,6796.6395999996985,7296.726999999795,9039.365399999771,10276.878700000016,1,0
11,1,1,23,3.0,0.1,1,1,1.0,1.0,1.0,,,,,,,0.0,0.0,1.0,,,,,,,2322.4290000005412,2871.0348000010968,3371.052400001234,4460.918600001258,5844.218600001956,,,,,,,1,3
11,1,1,24,3.0,0.9,0,0,0.0,0.0,0.0,,,,,,,0.0,0.0,0.0,,,,,,,2239.7271999998475,2746.5581000000457,3253.443700000249,4718.652800000526,5997.784600000292,,,,,,,1,0
11,1,1,25,1.0,0.1,1,1,1.0,,,,,,,,,0.0,,,,,,,,,2222.259099999906,4402.778499998803,5702.76869999876,,,,,,,,,1,0
12,0,1,1,1.0,0.3,1,1,1.0,,,,,,,,,0.0,,,,,,,,,8113.913799999994,19585.625800000184,23987.989700000253,,,,,,,,,1,0
12,0,1,2,1.0,0.5,1,0,0.0,,,,,,,,,0.0,,,,,,,,,3693.290999999981,14014.876500000039,17119.953700000082,,,,,,,,,0,0
12,0,1,3,3.0,0.3,0,0,1.0,0.0,0.0,,,,,,,0.0,0.0,0.0,,,,,,,4693.730999999984,8795.535000000007,14098.244300000071,16099.124300000112,18786.973100000178,,,,,,,1,0
12,0,1,4,9.0,0.1,1,1,1.0,0.0,1.0,1.0,1.0,1.0,1.0,1.0,1.0,0.0,0.0,0.0,0.0,0.0,0.0,0.0,0.0,0.0,2259.6955000000194,11397.385200000019,13014.763200000063,15282.427200000064,16916.479200000093,18383.79120000009,19667.689200000106,21501.829200000146,22285.50720000016,23652.7752000002,25540.27200000018,1,0
12,0,1,5,5.0,0.5,0,1,0.0,1.0,0.0,1.0,1.0,,,,,0.0,0.0,0.0,0.0,0.0,,,,,2492.7630000000204,4326.9029999999975,5994.679200000001,7128.511200000003,9596.263200000029,11680.513200000027,15602.238000000068,,,,,0,0
12,0,1,6,5.0,0.7,0,1,0.0,1.0,0.0,1.0,1.0,,,,,0.0,0.0,0.0,0.0,0.0,,,,,2543.166700000019,6094.72869999998,7545.366699999959,9029.352699999981,11230.69799999999,12964.793999999983,15917.75940000001,,,,,0,0
12,0,1,7,9.0,0.3,0,0,1.0,0.0,0.0,0.0,1.0,1.0,0.0,0.0,0.0,0.0,0.0,0.0,0.0,0.0,0.0,0.0,0.0,0.0,3373.150200000005,5257.691699999992,6858.395700000023,9126.059700000016,10243.217700000014,11477.093700000005,13444.625700000017,13944.948600000002,14778.922999999993,16462.997000000018,17883.621799999986,1,0
12,0,1,8,9.0,0.9,0,0,0.0,0.0,0.0,0.0,1.0,0.0,0.0,0.0,0.0,0.0,0.0,0.0,0.0,0.0,0.0,0.0,0.0,0.0,1792.454999999965,3393.158999999941,5060.558999999907,6361.51049999993,7178.5364999998865,8412.412499999878,9046.024499999854,9779.680499999862,10429.966499999886,11847.256499999869,13517.9912999999,1,0
12,0,1,9,3.0,0.5,0,0,1.0,0.0,0.0,,,,,,,0.0,0.0,0.0,,,,,,,1992.5430000000174,3727.0162999999775,5177.654300000022,9629.612299999952,14602.178599999961,,,,,,,1,0
12,0,1,10,5.0,0.3,1,1,1.0,0.0,1.0,1.0,0.0,,,,,0.0,0.0,0.0,0.0,0.0,,,,,6511.197000000065,8595.824300000071,9629.612300000072,10796.792300000068,12297.452300000044,14381.702300000048,16119.133100000081,,,,,1,0
12,0,1,11,7.0,0.1,1,1,1.0,0.0,1.0,1.0,1.0,1.0,1.0,,4.0,0.0,0.0,0.0,0.0,0.0,0.0,0.0,,,2042.668199999944,4510.6953999998905,5644.527399999914,6478.227399999867,7061.8173999998935,7595.385399999882,8162.301399999893,9229.437399999893,11200.304199999911,,,1,0
12,0,1,12,9.0,0.7,0,1,0.0,0.0,1.0,1.0,1.0,1.0,0.0,0.0,1.0,0.0,0.0,0.0,0.0,0.0,0.0,0.0,0.0,0.0,2393.0864000000306,3743.6803999999543,5244.340399999932,6161.410399999942,7128.502399999887,8128.942399999893,9179.404399999892,10396.606399999884,12064.342999999893,16999.846999999936,18853.995799999968,0,0
12,0,1,13,3.0,0.1,0,1,1.0,0.0,1.0,,,,,,,0.0,0.0,0.0,,,,,,,2259.3270000000025,3709.964999999992,5077.233000000035,6494.523000000016,8715.49979999995,,,,,,,0,0
12,0,1,14,5.0,0.9,0,0,0.0,0.0,0.0,0.0,1.0,,,,,0.0,0.0,0.0,0.0,0.0,,,,,2676.1770000000447,4077.1725000000642,5244.352500000059,6861.73050000003,8145.62850000005,10429.966500000071,11950.635300000049,,,,,1,0
12,0,1,15,1.0,0.9,0,0,0.0,,,,,,,,,0.0,,,,,,,,,2059.61520000002,4360.627199999954,6098.057999999975,,,,,,,,,1,0
12,0,1,16,7.0,0.9,0,0,0.0,0.0,0.0,0.0,1.0,1.0,1.0,,4.0,0.0,0.0,0.0,0.0,0.0,0.0,0.0,,,2896.2738000000318,3930.0618000000404,4680.3917999999985,5430.721800000016,6347.7917999999645,7214.839799999975,7815.103800000003,9299.08979999998,10636.344599999979,,,1,0
12,0,1,17,3.0,0.7,1,1,0.0,1.0,1.0,,,,,,,0.0,0.0,0.0,,,,,,,2459.414999999986,3843.3569999999736,6653.301099999998,8852.601700000021,10406.6185,,,,,,,1,0
12,0,1,18,3.0,0.9,0,0,0.0,0.0,1.0,,,,,,,0.0,0.0,0.0,,,,,,,3895.046400000041,5229.348100000037,6313.158100000038,7897.188099999982,9347.826099999991,,,,,,,1,0
12,0,1,19,5.0,0.1,0,1,1.0,1.0,0.0,0.0,0.0,,,,,0.0,0.0,0.0,0.0,0.0,,,,,4710.405000000006,7661.702999999949,8928.927,9912.692999999945,10696.3709999999,13597.646999999919,15018.271799999911,,,,,0,0
12,0,1,20,9.0,0.5,0,1,1.0,0.0,1.0,0.0,0.0,0.0,1.0,1.0,1.0,0.0,0.0,0.0,0.0,0.0,0.0,0.0,0.0,0.0,2194.679000000022,3095.074999999972,4012.1449999999854,4779.149000000003,5729.56699999995,6413.200999999912,7046.812999999936,7630.402999999904,9181.084999999937,11582.52049999996,12903.101299999957,0,0
12,0,1,21,7.0,0.7,0,0,0.0,0.0,1.0,1.0,0.0,0.0,0.0,,4.0,0.0,0.0,0.0,0.0,0.0,0.0,0.0,,,1792.4550000000283,2776.221000000039,3526.5509999999967,4043.445000000033,5360.691000000019,5927.607000000047,6544.545000000014,9112.719400000035,10766.78020000006,,,1,0
12,0,1,22,7.0,0.3,1,1,1.0,1.0,1.0,0.0,0.0,0.0,0.0,,4.0,0.0,0.0,0.0,0.0,0.0,0.0,0.0,,,1759.1069999999775,3226.4189999999603,3843.3569999999268,4993.862999999924,5844.2369999998755,6861.750299999898,7812.168299999904,9396.198299999876,14018.231099999924,,,1,0
12,0,1,23,1.0,0.7,0,0,0.0,,,,,,,,,0.0,,,,,,,,,2359.370999999997,5444.418500000025,6798.347300000012,,,,,,,,,1,0
12,0,1,24,1.0,0.1,1,1,1.0,,,,,,,,,0.0,,,,,,,,,2284.337999999936,3851.6939999999786,5122.252799999975,,,,,,,,,1,0
12,0,1,25,7.0,0.5,1,1,0.0,1.0,0.0,1.0,0.0,1.0,1.0,,4.0,0.0,0.0,0.0,0.0,0.0,0.0,0.0,,,1559.3984999999466,2493.1424999999595,3710.3444999999574,4710.7844999999625,5594.506499999974,6561.598499999979,7295.254499999994,9479.548499999997,10833.633299999932,,,1,0
13,1,1,1,1.0,0.3,1,1,1.0,,,,,,,,,0.0,,,,,,,,,26888.47399999948,52727.41199999995,66451.19000000022,,,,,,,,,1,0
13,1,1,2,1.0,0.9,0,0,0.0,,,,,,,,,0.0,,,,,,,,,17016.016000000647,27466.62199999964,38735.11199999951,,,,,,,,,1,0
13,1,1,3,1.0,0.7,0,0,0.0,,,,,,,,,0.0,,,,,,,,,16318.696666667276,22424.928666667587,29985.83400000041,,,,,,,,,1,0
13,1,1,4,3.0,0.9,0,0,0.0,1.0,0.0,,,,,,,0.0,0.0,0.0,,,,,,,14782.74200000025,24718.09400000067,32376.85933333547,40647.07466666956,45541.3760000039,,,,,,,1,0
13,1,1,5,7.0,0.9,0,0,0.0,0.0,0.0,0.0,0.0,0.0,0.0,,4.0,0.0,0.0,0.0,0.0,1.0,0.0,0.0,,,2766.323333333324,5199.707333333266,6249.755333333235,7548.913333333251,8648.921333333341,9498.945333333355,10665.655333333423,12215.69333333345,14267.433333333547,,,1,5
13,1,1,6,9.0,0.3,1,1,1.0,1.0,1.0,1.0,1.0,1.0,1.0,1.0,1.0,0.0,0.0,0.0,0.0,0.0,0.0,0.0,0.0,0.0,2210.022000000151,3060.054000000132,3893.3980000001948,4626.760000000265,5343.454000000258,6125.994000000319,6942.650000000317,9342.742000000457,10109.398000000354,11992.790000000476,14643.684000000594,1,0
13,1,1,7,7.0,0.5,1,1,0.0,0.0,0.0,1.0,1.0,1.0,1.0,,4.0,0.0,0.0,0.0,0.0,0.0,1.0,1.0,,,2710.033999999983,3343.383999999993,3860.023999999961,6043.446000000064,7876.83200000005,8693.554000000015,9293.536000000076,10693.59400000011,12962.7420000003,,,1,6
13,1,1,8,5.0,0.3,1,1,1.0,1.0,1.0,1.0,1.0,,,,,0.0,0.0,0.0,0.0,1.0,,,,,16357.0680000023,17023.562666668684,17656.728000002357,18656.72800000226,19356.73200000221,20740.092000002263,22446.870000002284,,,,,1,5
13,1,1,9,9.0,0.7,0,0,0.0,0.0,0.0,0.0,1.0,1.0,1.0,1.0,1.0,0.0,0.0,0.0,1.0,0.0,0.0,0.0,0.0,0.0,1809.2019999999332,2409.243999999996,3842.606000000028,4409.310000000065,6259.3460000000705,6776.002000000055,8675.802000000149,9191.79200000014,9808.43200000014,11591.7980000002,13078.518000000131,1,4
13,1,1,10,7.0,0.7,0,0,0.0,0.0,0.0,0.0,1.0,1.0,1.0,,4.0,0.0,0.0,1.0,0.0,0.0,0.0,0.0,,,15734.696000000378,16600.40933333393,17133.72533333391,19183.79733333393,20900.511333333954,21417.21333333384,21933.85533333384,23432.995333333867,26069.60933333397,,,1,3
13,1,1,11,5.0,0.1,1,1,1.0,1.0,1.0,1.0,1.0,,,,,0.0,0.0,1.0,0.0,1.0,,,,,2226.7460000000096,3510.0979999999377,4126.805999999955,4876.789999999902,5393.491999999887,6809.2379999999275,9696.005999999868,,,,,1,3
13,1,1,12,1.0,0.5,1,1,0.0,,,,,,,,,0.0,,,,,,,,,5592.966000000186,8525.518000000155,10961.984000000084,,,,,,,,,1,0
13,1,1,13,9.0,0.5,0,0,0.0,0.0,0.0,0.0,0.0,1.0,1.0,1.0,1.0,0.0,0.0,0.0,0.0,0.0,0.0,0.0,0.0,0.0,2376.5660000000394,2943.2160000000035,3542.987999999999,4059.6299999999574,5576.326,6209.3240000000205,6926.008000000071,7976.021999999996,8592.695999999993,9992.729999999938,12794.461999999954,1,0
13,1,1,14,3.0,0.1,1,1,1.0,1.0,1.0,,,,,,,0.0,0.0,0.0,,,,,,,1959.233999999974,2575.941999999908,3275.933999999935,4575.995999999902,6245.3840000000155,,,,,,,1,0
13,1,1,15,5.0,0.9,0,0,0.0,0.0,1.0,1.0,1.0,,,,,0.0,0.0,0.0,0.0,0.0,,,,,1945.0260000000005,2545.006000000005,4278.356000000014,4795.037999999967,5295.072000000008,6578.10800000005,8447.694000000074,,,,,1,0
13,1,1,16,9.0,0.9,0,0,0.0,0.0,0.0,0.0,0.0,1.0,1.0,1.0,1.0,0.0,0.0,0.0,0.0,1.0,0.0,0.0,0.0,0.0,2625.0819999999812,3125.1079999999797,4375.133999999895,5041.805999999949,6440.96199999997,8024.320000000052,8840.954000000049,9340.988000000098,9841.002000000124,11091.016000000189,12743.538000000075,1,5
13,1,1,17,5.0,0.7,0,0,0.0,0.0,0.0,0.0,0.0,,,,,0.0,0.0,0.0,0.0,1.0,,,,,3343.409999999972,3960.056000000015,4510.092000000048,5276.772000000016,5776.777999999979,7210.139999999963,8895.215999999966,,,,,1,5
13,1,1,18,7.0,0.1,1,1,1.0,1.0,1.0,1.0,1.0,1.0,1.0,,4.0,0.0,0.0,0.0,0.0,0.0,1.0,0.0,,,1360.018000000064,1910.0559999999487,2443.421999999973,3176.742000000039,4193.461999999926,5125.991999999906,5826.025999999935,6959.381999999864,9129.449999999862,,,1,6
13,1,1,19,3.0,0.7,0,0,0.0,0.0,0.0,,,,,,,0.0,0.0,0.0,,,,,,,1859.3100000000093,2376.010000000031,3126.019999999969,5126.061999999964,6612.291999999934,,,,,,,1,0
13,1,1,20,5.0,0.5,0,0,0.0,0.0,0.0,1.0,1.0,,,,,0.0,0.0,1.0,0.0,0.0,,,,,3625.0999999999267,4125.131999999896,5158.469999999872,5675.171999999823,6241.849999999837,7357.585999999804,9175.943999999925,,,,,1,3
13,1,1,21,3.0,0.5,1,1,1.0,0.0,0.0,,,,,,,0.0,0.0,0.0,,,,,,,2491.69600000015,4290.9980000000205,4791.032000000062,6174.127999999928,8175.843999999934,,,,,,,1,0
13,1,1,22,1.0,0.1,1,1,1.0,,,,,,,,,0.0,,,,,,,,,2424.631999999962,4574.631999999877,15566.441333334751,,,,,,,,,1,0
13,1,1,23,9.0,0.1,1,1,1.0,1.0,1.0,1.0,1.0,1.0,1.0,1.0,1.0,0.0,0.0,0.0,1.0,0.0,0.0,0.0,0.0,0.0,1599.7073333336127,2199.709333333638,2949.6273333335807,3466.1013333336377,4516.117333333666,5016.15133333354,6232.8333333335995,6732.857333333597,7382.845333333593,8782.881333333586,10385.505333333567,1,4
13,1,1,24,7.0,0.3,0,1,1.0,1.0,1.0,1.0,1.0,1.0,1.0,,4.0,0.0,0.0,0.0,0.0,0.0,0.0,0.0,,,4143.407999999945,4876.789999999936,5393.448000000006,5893.455999999989,6525.915999999882,7042.617999999929,7592.611999999917,9592.655999999846,20690.80600000056,,,0,0
13,1,1,25,3.0,0.3,0,1,1.0,1.0,1.0,,,,,,,0.0,0.0,0.0,,,,,,,2058.4019999999327,2558.419999999913,3258.415999999944,4425.118000000012,14427.762666666333,,,,,,,0,0
